{
    "0": {
        "MUST_LINK": [
            "0"
        ],
        "CANNOT_LINK": [],
        "COMPONENT": 0
    },
    "1": {
        "MUST_LINK": [
            "1"
        ],
        "CANNOT_LINK": [],
        "COMPONENT": 1
    },
    "2": {
        "MUST_LINK": [
            "2"
        ],
        "CANNOT_LINK": [],
        "COMPONENT": 2
    },
    "3": {
        "MUST_LINK": [
            "3"
        ],
        "CANNOT_LINK": [],
        "COMPONENT": 3
    },
    "4": {
        "MUST_LINK": [
            "4"
        ],
        "CANNOT_LINK": [],
        "COMPONENT": 4
    },
    "5": {
        "MUST_LINK": [
            "5"
        ],
        "CANNOT_LINK": [],
        "COMPONENT": 5
    },
    "6": {
        "MUST_LINK": [
            "6"
        ],
        "CANNOT_LINK": [],
        "COMPONENT": 6
    },
    "7": {
        "MUST_LINK": [
            "7"
        ],
        "CANNOT_LINK": [],
        "COMPONENT": 7
    },
    "8": {
        "MUST_LINK": [
            "8"
        ],
        "CANNOT_LINK": [],
        "COMPONENT": 8
    },
    "9": {
        "MUST_LINK": [
            "9"
        ],
        "CANNOT_LINK": [],
        "COMPONENT": 9
    },
    "10": {
        "MUST_LINK": [
            "10"
        ],
        "CANNOT_LINK": [],
        "COMPONENT": 10
    },
    "11": {
        "MUST_LINK": [
            "11"
        ],
        "CANNOT_LINK": [],
        "COMPONENT": 11
    },
    "12": {
        "MUST_LINK": [
            "12"
        ],
        "CANNOT_LINK": [],
        "COMPONENT": 12
    },
    "13": {
        "MUST_LINK": [
            "13"
        ],
        "CANNOT_LINK": [],
        "COMPONENT": 13
    },
    "14": {
        "MUST_LINK": [
            "14"
        ],
        "CANNOT_LINK": [],
        "COMPONENT": 14
    },
    "15": {
        "MUST_LINK": [
            "15"
        ],
        "CANNOT_LINK": [],
        "COMPONENT": 15
    },
    "16": {
        "MUST_LINK": [
            "16"
        ],
        "CANNOT_LINK": [],
        "COMPONENT": 16
    },
    "17": {
        "MUST_LINK": [
            "17"
        ],
        "CANNOT_LINK": [],
        "COMPONENT": 17
    },
    "18": {
        "MUST_LINK": [
            "18"
        ],
        "CANNOT_LINK": [],
        "COMPONENT": 18
    },
    "19": {
        "MUST_LINK": [
            "19"
        ],
        "CANNOT_LINK": [],
        "COMPONENT": 19
    },
    "20": {
        "MUST_LINK": [
            "20"
        ],
        "CANNOT_LINK": [],
        "COMPONENT": 20
    },
    "21": {
        "MUST_LINK": [
            "21"
        ],
        "CANNOT_LINK": [],
        "COMPONENT": 21
    },
    "22": {
        "MUST_LINK": [
            "22"
        ],
        "CANNOT_LINK": [],
        "COMPONENT": 22
    },
    "23": {
        "MUST_LINK": [
            "23"
        ],
        "CANNOT_LINK": [],
        "COMPONENT": 23
    },
    "24": {
        "MUST_LINK": [
            "24"
        ],
        "CANNOT_LINK": [],
        "COMPONENT": 24
    },
    "25": {
        "MUST_LINK": [
            "25"
        ],
        "CANNOT_LINK": [],
        "COMPONENT": 25
    },
    "26": {
        "MUST_LINK": [
            "26"
        ],
        "CANNOT_LINK": [],
        "COMPONENT": 26
    },
    "27": {
        "MUST_LINK": [
            "27"
        ],
        "CANNOT_LINK": [],
        "COMPONENT": 27
    },
    "28": {
        "MUST_LINK": [
            "28"
        ],
        "CANNOT_LINK": [],
        "COMPONENT": 28
    },
    "29": {
        "MUST_LINK": [
            "29"
        ],
        "CANNOT_LINK": [],
        "COMPONENT": 29
    },
    "30": {
        "MUST_LINK": [
            "30"
        ],
        "CANNOT_LINK": [],
        "COMPONENT": 30
    },
    "31": {
        "MUST_LINK": [
            "31"
        ],
        "CANNOT_LINK": [],
        "COMPONENT": 31
    },
    "32": {
        "MUST_LINK": [
            "32"
        ],
        "CANNOT_LINK": [],
        "COMPONENT": 32
    },
    "33": {
        "MUST_LINK": [
            "33"
        ],
        "CANNOT_LINK": [],
        "COMPONENT": 33
    },
    "34": {
        "MUST_LINK": [
            "34"
        ],
        "CANNOT_LINK": [],
        "COMPONENT": 34
    },
    "35": {
        "MUST_LINK": [
            "35"
        ],
        "CANNOT_LINK": [],
        "COMPONENT": 35
    },
    "36": {
        "MUST_LINK": [
            "36"
        ],
        "CANNOT_LINK": [],
        "COMPONENT": 36
    },
    "37": {
        "MUST_LINK": [
            "37"
        ],
        "CANNOT_LINK": [],
        "COMPONENT": 37
    },
    "38": {
        "MUST_LINK": [
            "38"
        ],
        "CANNOT_LINK": [],
        "COMPONENT": 38
    },
    "39": {
        "MUST_LINK": [
            "39"
        ],
        "CANNOT_LINK": [],
        "COMPONENT": 39
    },
    "40": {
        "MUST_LINK": [
            "40"
        ],
        "CANNOT_LINK": [],
        "COMPONENT": 40
    },
    "41": {
        "MUST_LINK": [
            "41"
        ],
        "CANNOT_LINK": [],
        "COMPONENT": 41
    },
    "42": {
        "MUST_LINK": [
            "42"
        ],
        "CANNOT_LINK": [],
        "COMPONENT": 42
    },
    "43": {
        "MUST_LINK": [
            "43"
        ],
        "CANNOT_LINK": [],
        "COMPONENT": 43
    },
    "44": {
        "MUST_LINK": [
            "44"
        ],
        "CANNOT_LINK": [],
        "COMPONENT": 44
    },
    "45": {
        "MUST_LINK": [
            "45"
        ],
        "CANNOT_LINK": [],
        "COMPONENT": 45
    },
    "46": {
        "MUST_LINK": [
            "46"
        ],
        "CANNOT_LINK": [],
        "COMPONENT": 46
    },
    "47": {
        "MUST_LINK": [
            "47"
        ],
        "CANNOT_LINK": [],
        "COMPONENT": 47
    },
    "48": {
        "MUST_LINK": [
            "48"
        ],
        "CANNOT_LINK": [],
        "COMPONENT": 48
    },
    "49": {
        "MUST_LINK": [
            "49"
        ],
        "CANNOT_LINK": [],
        "COMPONENT": 49
    },
    "50": {
        "MUST_LINK": [
            "50"
        ],
        "CANNOT_LINK": [],
        "COMPONENT": 50
    },
    "51": {
        "MUST_LINK": [
            "51"
        ],
        "CANNOT_LINK": [],
        "COMPONENT": 51
    },
    "52": {
        "MUST_LINK": [
            "52"
        ],
        "CANNOT_LINK": [],
        "COMPONENT": 52
    },
    "53": {
        "MUST_LINK": [
            "53"
        ],
        "CANNOT_LINK": [],
        "COMPONENT": 53
    },
    "54": {
        "MUST_LINK": [
            "54"
        ],
        "CANNOT_LINK": [],
        "COMPONENT": 54
    },
    "55": {
        "MUST_LINK": [
            "55"
        ],
        "CANNOT_LINK": [],
        "COMPONENT": 55
    },
    "56": {
        "MUST_LINK": [
            "56"
        ],
        "CANNOT_LINK": [],
        "COMPONENT": 56
    },
    "57": {
        "MUST_LINK": [
            "57"
        ],
        "CANNOT_LINK": [],
        "COMPONENT": 57
    },
    "58": {
        "MUST_LINK": [
            "58"
        ],
        "CANNOT_LINK": [],
        "COMPONENT": 58
    },
    "59": {
        "MUST_LINK": [
            "59"
        ],
        "CANNOT_LINK": [],
        "COMPONENT": 59
    },
    "60": {
        "MUST_LINK": [
            "60"
        ],
        "CANNOT_LINK": [],
        "COMPONENT": 60
    },
    "61": {
        "MUST_LINK": [
            "61"
        ],
        "CANNOT_LINK": [],
        "COMPONENT": 61
    },
    "62": {
        "MUST_LINK": [
            "62"
        ],
        "CANNOT_LINK": [],
        "COMPONENT": 62
    },
    "63": {
        "MUST_LINK": [
            "63"
        ],
        "CANNOT_LINK": [],
        "COMPONENT": 63
    },
    "64": {
        "MUST_LINK": [
            "64"
        ],
        "CANNOT_LINK": [],
        "COMPONENT": 64
    },
    "65": {
        "MUST_LINK": [
            "65"
        ],
        "CANNOT_LINK": [],
        "COMPONENT": 65
    },
    "66": {
        "MUST_LINK": [
            "66"
        ],
        "CANNOT_LINK": [],
        "COMPONENT": 66
    },
    "67": {
        "MUST_LINK": [
            "67"
        ],
        "CANNOT_LINK": [],
        "COMPONENT": 67
    },
    "68": {
        "MUST_LINK": [
            "68"
        ],
        "CANNOT_LINK": [],
        "COMPONENT": 68
    },
    "69": {
        "MUST_LINK": [
            "69"
        ],
        "CANNOT_LINK": [],
        "COMPONENT": 69
    },
    "70": {
        "MUST_LINK": [
            "70"
        ],
        "CANNOT_LINK": [],
        "COMPONENT": 70
    },
    "71": {
        "MUST_LINK": [
            "71"
        ],
        "CANNOT_LINK": [],
        "COMPONENT": 71
    },
    "72": {
        "MUST_LINK": [
            "72"
        ],
        "CANNOT_LINK": [],
        "COMPONENT": 72
    },
    "73": {
        "MUST_LINK": [
            "73"
        ],
        "CANNOT_LINK": [],
        "COMPONENT": 73
    },
    "74": {
        "MUST_LINK": [
            "74"
        ],
        "CANNOT_LINK": [],
        "COMPONENT": 74
    },
    "75": {
        "MUST_LINK": [
            "75"
        ],
        "CANNOT_LINK": [],
        "COMPONENT": 75
    },
    "76": {
        "MUST_LINK": [
            "76"
        ],
        "CANNOT_LINK": [],
        "COMPONENT": 76
    },
    "77": {
        "MUST_LINK": [
            "77"
        ],
        "CANNOT_LINK": [],
        "COMPONENT": 77
    },
    "78": {
        "MUST_LINK": [
            "78"
        ],
        "CANNOT_LINK": [],
        "COMPONENT": 78
    },
    "79": {
        "MUST_LINK": [
            "79"
        ],
        "CANNOT_LINK": [],
        "COMPONENT": 79
    },
    "80": {
        "MUST_LINK": [
            "80"
        ],
        "CANNOT_LINK": [],
        "COMPONENT": 80
    },
    "81": {
        "MUST_LINK": [
            "81"
        ],
        "CANNOT_LINK": [],
        "COMPONENT": 81
    },
    "82": {
        "MUST_LINK": [
            "82"
        ],
        "CANNOT_LINK": [],
        "COMPONENT": 82
    },
    "83": {
        "MUST_LINK": [
            "83"
        ],
        "CANNOT_LINK": [],
        "COMPONENT": 83
    },
    "84": {
        "MUST_LINK": [
            "84"
        ],
        "CANNOT_LINK": [],
        "COMPONENT": 84
    },
    "85": {
        "MUST_LINK": [
            "85"
        ],
        "CANNOT_LINK": [],
        "COMPONENT": 85
    },
    "86": {
        "MUST_LINK": [
            "86"
        ],
        "CANNOT_LINK": [],
        "COMPONENT": 86
    },
    "87": {
        "MUST_LINK": [
            "87"
        ],
        "CANNOT_LINK": [],
        "COMPONENT": 87
    },
    "88": {
        "MUST_LINK": [
            "88"
        ],
        "CANNOT_LINK": [],
        "COMPONENT": 88
    },
    "89": {
        "MUST_LINK": [
            "89"
        ],
        "CANNOT_LINK": [],
        "COMPONENT": 89
    },
    "90": {
        "MUST_LINK": [
            "90"
        ],
        "CANNOT_LINK": [],
        "COMPONENT": 90
    },
    "91": {
        "MUST_LINK": [
            "91"
        ],
        "CANNOT_LINK": [],
        "COMPONENT": 91
    },
    "92": {
        "MUST_LINK": [
            "92"
        ],
        "CANNOT_LINK": [],
        "COMPONENT": 92
    },
    "93": {
        "MUST_LINK": [
            "93"
        ],
        "CANNOT_LINK": [],
        "COMPONENT": 93
    },
    "94": {
        "MUST_LINK": [
            "94"
        ],
        "CANNOT_LINK": [],
        "COMPONENT": 94
    },
    "95": {
        "MUST_LINK": [
            "95"
        ],
        "CANNOT_LINK": [],
        "COMPONENT": 95
    },
    "96": {
        "MUST_LINK": [
            "96"
        ],
        "CANNOT_LINK": [],
        "COMPONENT": 96
    },
    "97": {
        "MUST_LINK": [
            "97"
        ],
        "CANNOT_LINK": [],
        "COMPONENT": 97
    },
    "98": {
        "MUST_LINK": [
            "98"
        ],
        "CANNOT_LINK": [],
        "COMPONENT": 98
    },
    "99": {
        "MUST_LINK": [
            "99"
        ],
        "CANNOT_LINK": [],
        "COMPONENT": 99
    },
    "100": {
        "MUST_LINK": [
            "100"
        ],
        "CANNOT_LINK": [],
        "COMPONENT": 100
    },
    "101": {
        "MUST_LINK": [
            "101"
        ],
        "CANNOT_LINK": [],
        "COMPONENT": 101
    },
    "102": {
        "MUST_LINK": [
            "102"
        ],
        "CANNOT_LINK": [],
        "COMPONENT": 102
    },
    "103": {
        "MUST_LINK": [
            "103"
        ],
        "CANNOT_LINK": [],
        "COMPONENT": 103
    },
    "104": {
        "MUST_LINK": [
            "104"
        ],
        "CANNOT_LINK": [],
        "COMPONENT": 104
    },
    "105": {
        "MUST_LINK": [
            "105"
        ],
        "CANNOT_LINK": [],
        "COMPONENT": 105
    },
    "106": {
        "MUST_LINK": [
            "106"
        ],
        "CANNOT_LINK": [],
        "COMPONENT": 106
    },
    "107": {
        "MUST_LINK": [
            "107"
        ],
        "CANNOT_LINK": [],
        "COMPONENT": 107
    },
    "108": {
        "MUST_LINK": [
            "108"
        ],
        "CANNOT_LINK": [],
        "COMPONENT": 108
    },
    "109": {
        "MUST_LINK": [
            "109"
        ],
        "CANNOT_LINK": [],
        "COMPONENT": 109
    },
    "110": {
        "MUST_LINK": [
            "110"
        ],
        "CANNOT_LINK": [],
        "COMPONENT": 110
    },
    "111": {
        "MUST_LINK": [
            "111"
        ],
        "CANNOT_LINK": [],
        "COMPONENT": 111
    },
    "112": {
        "MUST_LINK": [
            "112"
        ],
        "CANNOT_LINK": [],
        "COMPONENT": 112
    },
    "113": {
        "MUST_LINK": [
            "113"
        ],
        "CANNOT_LINK": [],
        "COMPONENT": 113
    },
    "114": {
        "MUST_LINK": [
            "114"
        ],
        "CANNOT_LINK": [],
        "COMPONENT": 114
    },
    "115": {
        "MUST_LINK": [
            "115"
        ],
        "CANNOT_LINK": [],
        "COMPONENT": 115
    },
    "116": {
        "MUST_LINK": [
            "116"
        ],
        "CANNOT_LINK": [],
        "COMPONENT": 116
    },
    "117": {
        "MUST_LINK": [
            "117"
        ],
        "CANNOT_LINK": [],
        "COMPONENT": 117
    },
    "118": {
        "MUST_LINK": [
            "118"
        ],
        "CANNOT_LINK": [],
        "COMPONENT": 118
    },
    "119": {
        "MUST_LINK": [
            "119"
        ],
        "CANNOT_LINK": [],
        "COMPONENT": 119
    },
    "120": {
        "MUST_LINK": [
            "120"
        ],
        "CANNOT_LINK": [],
        "COMPONENT": 120
    },
    "121": {
        "MUST_LINK": [
            "121"
        ],
        "CANNOT_LINK": [],
        "COMPONENT": 121
    },
    "122": {
        "MUST_LINK": [
            "122"
        ],
        "CANNOT_LINK": [],
        "COMPONENT": 122
    },
    "123": {
        "MUST_LINK": [
            "123"
        ],
        "CANNOT_LINK": [],
        "COMPONENT": 123
    },
    "124": {
        "MUST_LINK": [
            "124"
        ],
        "CANNOT_LINK": [],
        "COMPONENT": 124
    },
    "125": {
        "MUST_LINK": [
            "125"
        ],
        "CANNOT_LINK": [],
        "COMPONENT": 125
    },
    "126": {
        "MUST_LINK": [
            "126"
        ],
        "CANNOT_LINK": [],
        "COMPONENT": 126
    },
    "127": {
        "MUST_LINK": [
            "127"
        ],
        "CANNOT_LINK": [],
        "COMPONENT": 127
    },
    "128": {
        "MUST_LINK": [
            "128"
        ],
        "CANNOT_LINK": [],
        "COMPONENT": 128
    },
    "129": {
        "MUST_LINK": [
            "129"
        ],
        "CANNOT_LINK": [],
        "COMPONENT": 129
    },
    "130": {
        "MUST_LINK": [
            "130"
        ],
        "CANNOT_LINK": [],
        "COMPONENT": 130
    },
    "131": {
        "MUST_LINK": [
            "131"
        ],
        "CANNOT_LINK": [],
        "COMPONENT": 131
    },
    "132": {
        "MUST_LINK": [
            "132"
        ],
        "CANNOT_LINK": [],
        "COMPONENT": 132
    },
    "133": {
        "MUST_LINK": [
            "133"
        ],
        "CANNOT_LINK": [],
        "COMPONENT": 133
    },
    "134": {
        "MUST_LINK": [
            "134"
        ],
        "CANNOT_LINK": [],
        "COMPONENT": 134
    },
    "135": {
        "MUST_LINK": [
            "135"
        ],
        "CANNOT_LINK": [],
        "COMPONENT": 135
    },
    "136": {
        "MUST_LINK": [
            "136"
        ],
        "CANNOT_LINK": [],
        "COMPONENT": 136
    },
    "137": {
        "MUST_LINK": [
            "137"
        ],
        "CANNOT_LINK": [],
        "COMPONENT": 137
    },
    "138": {
        "MUST_LINK": [
            "138"
        ],
        "CANNOT_LINK": [],
        "COMPONENT": 138
    },
    "139": {
        "MUST_LINK": [
            "139"
        ],
        "CANNOT_LINK": [],
        "COMPONENT": 139
    },
    "140": {
        "MUST_LINK": [
            "140"
        ],
        "CANNOT_LINK": [],
        "COMPONENT": 140
    },
    "141": {
        "MUST_LINK": [
            "141"
        ],
        "CANNOT_LINK": [],
        "COMPONENT": 141
    },
    "142": {
        "MUST_LINK": [
            "142"
        ],
        "CANNOT_LINK": [],
        "COMPONENT": 142
    },
    "143": {
        "MUST_LINK": [
            "143"
        ],
        "CANNOT_LINK": [],
        "COMPONENT": 143
    },
    "144": {
        "MUST_LINK": [
            "144"
        ],
        "CANNOT_LINK": [],
        "COMPONENT": 144
    },
    "145": {
        "MUST_LINK": [
            "145"
        ],
        "CANNOT_LINK": [],
        "COMPONENT": 145
    },
    "146": {
        "MUST_LINK": [
            "146"
        ],
        "CANNOT_LINK": [],
        "COMPONENT": 146
    },
    "147": {
        "MUST_LINK": [
            "147"
        ],
        "CANNOT_LINK": [],
        "COMPONENT": 147
    },
    "148": {
        "MUST_LINK": [
            "148"
        ],
        "CANNOT_LINK": [],
        "COMPONENT": 148
    },
    "149": {
        "MUST_LINK": [
            "149"
        ],
        "CANNOT_LINK": [],
        "COMPONENT": 149
    },
    "150": {
        "MUST_LINK": [
            "150"
        ],
        "CANNOT_LINK": [],
        "COMPONENT": 150
    },
    "151": {
        "MUST_LINK": [
            "151"
        ],
        "CANNOT_LINK": [],
        "COMPONENT": 151
    },
    "152": {
        "MUST_LINK": [
            "152"
        ],
        "CANNOT_LINK": [],
        "COMPONENT": 152
    },
    "153": {
        "MUST_LINK": [
            "153"
        ],
        "CANNOT_LINK": [],
        "COMPONENT": 153
    },
    "154": {
        "MUST_LINK": [
            "154"
        ],
        "CANNOT_LINK": [],
        "COMPONENT": 154
    },
    "155": {
        "MUST_LINK": [
            "155"
        ],
        "CANNOT_LINK": [],
        "COMPONENT": 155
    },
    "156": {
        "MUST_LINK": [
            "156"
        ],
        "CANNOT_LINK": [],
        "COMPONENT": 156
    },
    "157": {
        "MUST_LINK": [
            "157"
        ],
        "CANNOT_LINK": [],
        "COMPONENT": 157
    },
    "158": {
        "MUST_LINK": [
            "158"
        ],
        "CANNOT_LINK": [],
        "COMPONENT": 158
    },
    "159": {
        "MUST_LINK": [
            "159"
        ],
        "CANNOT_LINK": [],
        "COMPONENT": 159
    },
    "160": {
        "MUST_LINK": [
            "160"
        ],
        "CANNOT_LINK": [],
        "COMPONENT": 160
    },
    "161": {
        "MUST_LINK": [
            "161"
        ],
        "CANNOT_LINK": [],
        "COMPONENT": 161
    },
    "162": {
        "MUST_LINK": [
            "162"
        ],
        "CANNOT_LINK": [],
        "COMPONENT": 162
    },
    "163": {
        "MUST_LINK": [
            "163"
        ],
        "CANNOT_LINK": [],
        "COMPONENT": 163
    },
    "164": {
        "MUST_LINK": [
            "164"
        ],
        "CANNOT_LINK": [],
        "COMPONENT": 164
    },
    "165": {
        "MUST_LINK": [
            "165"
        ],
        "CANNOT_LINK": [],
        "COMPONENT": 165
    },
    "166": {
        "MUST_LINK": [
            "166"
        ],
        "CANNOT_LINK": [],
        "COMPONENT": 166
    },
    "167": {
        "MUST_LINK": [
            "167"
        ],
        "CANNOT_LINK": [],
        "COMPONENT": 167
    },
    "168": {
        "MUST_LINK": [
            "168"
        ],
        "CANNOT_LINK": [],
        "COMPONENT": 168
    },
    "169": {
        "MUST_LINK": [
            "169"
        ],
        "CANNOT_LINK": [],
        "COMPONENT": 169
    },
    "170": {
        "MUST_LINK": [
            "170"
        ],
        "CANNOT_LINK": [],
        "COMPONENT": 170
    },
    "171": {
        "MUST_LINK": [
            "171"
        ],
        "CANNOT_LINK": [],
        "COMPONENT": 171
    },
    "172": {
        "MUST_LINK": [
            "172"
        ],
        "CANNOT_LINK": [],
        "COMPONENT": 172
    },
    "173": {
        "MUST_LINK": [
            "173"
        ],
        "CANNOT_LINK": [],
        "COMPONENT": 173
    },
    "174": {
        "MUST_LINK": [
            "174"
        ],
        "CANNOT_LINK": [],
        "COMPONENT": 174
    },
    "175": {
        "MUST_LINK": [
            "175"
        ],
        "CANNOT_LINK": [],
        "COMPONENT": 175
    },
    "176": {
        "MUST_LINK": [
            "176"
        ],
        "CANNOT_LINK": [],
        "COMPONENT": 176
    },
    "177": {
        "MUST_LINK": [
            "177"
        ],
        "CANNOT_LINK": [],
        "COMPONENT": 177
    },
    "178": {
        "MUST_LINK": [
            "178"
        ],
        "CANNOT_LINK": [],
        "COMPONENT": 178
    },
    "179": {
        "MUST_LINK": [
            "179"
        ],
        "CANNOT_LINK": [],
        "COMPONENT": 179
    },
    "180": {
        "MUST_LINK": [
            "180"
        ],
        "CANNOT_LINK": [],
        "COMPONENT": 180
    },
    "181": {
        "MUST_LINK": [
            "181"
        ],
        "CANNOT_LINK": [],
        "COMPONENT": 181
    },
    "182": {
        "MUST_LINK": [
            "182"
        ],
        "CANNOT_LINK": [],
        "COMPONENT": 182
    },
    "183": {
        "MUST_LINK": [
            "183"
        ],
        "CANNOT_LINK": [],
        "COMPONENT": 183
    },
    "184": {
        "MUST_LINK": [
            "184"
        ],
        "CANNOT_LINK": [],
        "COMPONENT": 184
    },
    "185": {
        "MUST_LINK": [
            "185"
        ],
        "CANNOT_LINK": [],
        "COMPONENT": 185
    },
    "186": {
        "MUST_LINK": [
            "186"
        ],
        "CANNOT_LINK": [],
        "COMPONENT": 186
    },
    "187": {
        "MUST_LINK": [
            "187"
        ],
        "CANNOT_LINK": [],
        "COMPONENT": 187
    },
    "188": {
        "MUST_LINK": [
            "188"
        ],
        "CANNOT_LINK": [],
        "COMPONENT": 188
    },
    "189": {
        "MUST_LINK": [
            "189"
        ],
        "CANNOT_LINK": [],
        "COMPONENT": 189
    },
    "190": {
        "MUST_LINK": [
            "190"
        ],
        "CANNOT_LINK": [],
        "COMPONENT": 190
    },
    "191": {
        "MUST_LINK": [
            "191"
        ],
        "CANNOT_LINK": [],
        "COMPONENT": 191
    },
    "192": {
        "MUST_LINK": [
            "192"
        ],
        "CANNOT_LINK": [],
        "COMPONENT": 192
    },
    "193": {
        "MUST_LINK": [
            "193"
        ],
        "CANNOT_LINK": [],
        "COMPONENT": 193
    },
    "194": {
        "MUST_LINK": [
            "194"
        ],
        "CANNOT_LINK": [],
        "COMPONENT": 194
    },
    "195": {
        "MUST_LINK": [
            "195"
        ],
        "CANNOT_LINK": [],
        "COMPONENT": 195
    },
    "196": {
        "MUST_LINK": [
            "196"
        ],
        "CANNOT_LINK": [],
        "COMPONENT": 196
    },
    "197": {
        "MUST_LINK": [
            "197"
        ],
        "CANNOT_LINK": [],
        "COMPONENT": 197
    },
    "198": {
        "MUST_LINK": [
            "198"
        ],
        "CANNOT_LINK": [],
        "COMPONENT": 198
    },
    "199": {
        "MUST_LINK": [
            "199"
        ],
        "CANNOT_LINK": [],
        "COMPONENT": 199
    },
    "200": {
        "MUST_LINK": [
            "200"
        ],
        "CANNOT_LINK": [],
        "COMPONENT": 200
    },
    "201": {
        "MUST_LINK": [
            "201"
        ],
        "CANNOT_LINK": [],
        "COMPONENT": 201
    },
    "202": {
        "MUST_LINK": [
            "202"
        ],
        "CANNOT_LINK": [],
        "COMPONENT": 202
    },
    "203": {
        "MUST_LINK": [
            "203"
        ],
        "CANNOT_LINK": [],
        "COMPONENT": 203
    },
    "204": {
        "MUST_LINK": [
            "204"
        ],
        "CANNOT_LINK": [],
        "COMPONENT": 204
    },
    "205": {
        "MUST_LINK": [
            "205"
        ],
        "CANNOT_LINK": [],
        "COMPONENT": 205
    },
    "206": {
        "MUST_LINK": [
            "206"
        ],
        "CANNOT_LINK": [],
        "COMPONENT": 206
    },
    "207": {
        "MUST_LINK": [
            "207"
        ],
        "CANNOT_LINK": [],
        "COMPONENT": 207
    },
    "208": {
        "MUST_LINK": [
            "208"
        ],
        "CANNOT_LINK": [],
        "COMPONENT": 208
    },
    "209": {
        "MUST_LINK": [
            "209"
        ],
        "CANNOT_LINK": [],
        "COMPONENT": 209
    },
    "210": {
        "MUST_LINK": [
            "210"
        ],
        "CANNOT_LINK": [],
        "COMPONENT": 210
    },
    "211": {
        "MUST_LINK": [
            "211"
        ],
        "CANNOT_LINK": [],
        "COMPONENT": 211
    },
    "212": {
        "MUST_LINK": [
            "212"
        ],
        "CANNOT_LINK": [],
        "COMPONENT": 212
    },
    "213": {
        "MUST_LINK": [
            "213"
        ],
        "CANNOT_LINK": [],
        "COMPONENT": 213
    },
    "214": {
        "MUST_LINK": [
            "214"
        ],
        "CANNOT_LINK": [],
        "COMPONENT": 214
    },
    "215": {
        "MUST_LINK": [
            "215"
        ],
        "CANNOT_LINK": [],
        "COMPONENT": 215
    },
    "216": {
        "MUST_LINK": [
            "216"
        ],
        "CANNOT_LINK": [],
        "COMPONENT": 216
    },
    "217": {
        "MUST_LINK": [
            "217"
        ],
        "CANNOT_LINK": [],
        "COMPONENT": 217
    },
    "218": {
        "MUST_LINK": [
            "218"
        ],
        "CANNOT_LINK": [],
        "COMPONENT": 218
    },
    "219": {
        "MUST_LINK": [
            "219"
        ],
        "CANNOT_LINK": [],
        "COMPONENT": 219
    },
    "220": {
        "MUST_LINK": [
            "220"
        ],
        "CANNOT_LINK": [],
        "COMPONENT": 220
    },
    "221": {
        "MUST_LINK": [
            "221"
        ],
        "CANNOT_LINK": [],
        "COMPONENT": 221
    },
    "222": {
        "MUST_LINK": [
            "222"
        ],
        "CANNOT_LINK": [],
        "COMPONENT": 222
    },
    "223": {
        "MUST_LINK": [
            "223"
        ],
        "CANNOT_LINK": [],
        "COMPONENT": 223
    },
    "224": {
        "MUST_LINK": [
            "224"
        ],
        "CANNOT_LINK": [],
        "COMPONENT": 224
    },
    "225": {
        "MUST_LINK": [
            "225"
        ],
        "CANNOT_LINK": [],
        "COMPONENT": 225
    },
    "226": {
        "MUST_LINK": [
            "226"
        ],
        "CANNOT_LINK": [],
        "COMPONENT": 226
    },
    "227": {
        "MUST_LINK": [
            "227"
        ],
        "CANNOT_LINK": [],
        "COMPONENT": 227
    },
    "228": {
        "MUST_LINK": [
            "228"
        ],
        "CANNOT_LINK": [],
        "COMPONENT": 228
    },
    "229": {
        "MUST_LINK": [
            "229"
        ],
        "CANNOT_LINK": [],
        "COMPONENT": 229
    },
    "230": {
        "MUST_LINK": [
            "230"
        ],
        "CANNOT_LINK": [],
        "COMPONENT": 230
    },
    "231": {
        "MUST_LINK": [
            "231"
        ],
        "CANNOT_LINK": [],
        "COMPONENT": 231
    },
    "232": {
        "MUST_LINK": [
            "232"
        ],
        "CANNOT_LINK": [],
        "COMPONENT": 232
    },
    "233": {
        "MUST_LINK": [
            "233"
        ],
        "CANNOT_LINK": [],
        "COMPONENT": 233
    },
    "234": {
        "MUST_LINK": [
            "234"
        ],
        "CANNOT_LINK": [],
        "COMPONENT": 234
    },
    "235": {
        "MUST_LINK": [
            "235"
        ],
        "CANNOT_LINK": [],
        "COMPONENT": 235
    },
    "236": {
        "MUST_LINK": [
            "236"
        ],
        "CANNOT_LINK": [],
        "COMPONENT": 236
    },
    "237": {
        "MUST_LINK": [
            "237"
        ],
        "CANNOT_LINK": [],
        "COMPONENT": 237
    },
    "238": {
        "MUST_LINK": [
            "238"
        ],
        "CANNOT_LINK": [],
        "COMPONENT": 238
    },
    "239": {
        "MUST_LINK": [
            "239"
        ],
        "CANNOT_LINK": [],
        "COMPONENT": 239
    },
    "240": {
        "MUST_LINK": [
            "240"
        ],
        "CANNOT_LINK": [],
        "COMPONENT": 240
    },
    "241": {
        "MUST_LINK": [
            "241"
        ],
        "CANNOT_LINK": [],
        "COMPONENT": 241
    },
    "242": {
        "MUST_LINK": [
            "242"
        ],
        "CANNOT_LINK": [],
        "COMPONENT": 242
    },
    "243": {
        "MUST_LINK": [
            "243"
        ],
        "CANNOT_LINK": [],
        "COMPONENT": 243
    },
    "244": {
        "MUST_LINK": [
            "244"
        ],
        "CANNOT_LINK": [],
        "COMPONENT": 244
    },
    "245": {
        "MUST_LINK": [
            "245"
        ],
        "CANNOT_LINK": [],
        "COMPONENT": 245
    },
    "246": {
        "MUST_LINK": [
            "246"
        ],
        "CANNOT_LINK": [],
        "COMPONENT": 246
    },
    "247": {
        "MUST_LINK": [
            "247"
        ],
        "CANNOT_LINK": [],
        "COMPONENT": 247
    },
    "248": {
        "MUST_LINK": [
            "248"
        ],
        "CANNOT_LINK": [],
        "COMPONENT": 248
    },
    "249": {
        "MUST_LINK": [
            "249"
        ],
        "CANNOT_LINK": [],
        "COMPONENT": 249
    },
    "250": {
        "MUST_LINK": [
            "250"
        ],
        "CANNOT_LINK": [],
        "COMPONENT": 250
    },
    "251": {
        "MUST_LINK": [
            "251"
        ],
        "CANNOT_LINK": [],
        "COMPONENT": 251
    },
    "252": {
        "MUST_LINK": [
            "252"
        ],
        "CANNOT_LINK": [],
        "COMPONENT": 252
    },
    "253": {
        "MUST_LINK": [
            "253"
        ],
        "CANNOT_LINK": [],
        "COMPONENT": 253
    },
    "254": {
        "MUST_LINK": [
            "254"
        ],
        "CANNOT_LINK": [],
        "COMPONENT": 254
    },
    "255": {
        "MUST_LINK": [
            "255"
        ],
        "CANNOT_LINK": [],
        "COMPONENT": 255
    },
    "256": {
        "MUST_LINK": [
            "256"
        ],
        "CANNOT_LINK": [],
        "COMPONENT": 256
    },
    "257": {
        "MUST_LINK": [
            "257"
        ],
        "CANNOT_LINK": [],
        "COMPONENT": 257
    },
    "258": {
        "MUST_LINK": [
            "258"
        ],
        "CANNOT_LINK": [],
        "COMPONENT": 258
    },
    "259": {
        "MUST_LINK": [
            "259"
        ],
        "CANNOT_LINK": [],
        "COMPONENT": 259
    },
    "260": {
        "MUST_LINK": [
            "260"
        ],
        "CANNOT_LINK": [],
        "COMPONENT": 260
    },
    "261": {
        "MUST_LINK": [
            "261"
        ],
        "CANNOT_LINK": [],
        "COMPONENT": 261
    },
    "262": {
        "MUST_LINK": [
            "262"
        ],
        "CANNOT_LINK": [],
        "COMPONENT": 262
    },
    "263": {
        "MUST_LINK": [
            "263"
        ],
        "CANNOT_LINK": [],
        "COMPONENT": 263
    },
    "264": {
        "MUST_LINK": [
            "264"
        ],
        "CANNOT_LINK": [],
        "COMPONENT": 264
    },
    "265": {
        "MUST_LINK": [
            "265"
        ],
        "CANNOT_LINK": [],
        "COMPONENT": 265
    },
    "266": {
        "MUST_LINK": [
            "266"
        ],
        "CANNOT_LINK": [],
        "COMPONENT": 266
    },
    "267": {
        "MUST_LINK": [
            "267"
        ],
        "CANNOT_LINK": [],
        "COMPONENT": 267
    },
    "268": {
        "MUST_LINK": [
            "268"
        ],
        "CANNOT_LINK": [],
        "COMPONENT": 268
    },
    "269": {
        "MUST_LINK": [
            "269"
        ],
        "CANNOT_LINK": [],
        "COMPONENT": 269
    },
    "270": {
        "MUST_LINK": [
            "270"
        ],
        "CANNOT_LINK": [],
        "COMPONENT": 270
    },
    "271": {
        "MUST_LINK": [
            "271"
        ],
        "CANNOT_LINK": [],
        "COMPONENT": 271
    },
    "272": {
        "MUST_LINK": [
            "272"
        ],
        "CANNOT_LINK": [],
        "COMPONENT": 272
    },
    "273": {
        "MUST_LINK": [
            "273"
        ],
        "CANNOT_LINK": [],
        "COMPONENT": 273
    },
    "274": {
        "MUST_LINK": [
            "274"
        ],
        "CANNOT_LINK": [],
        "COMPONENT": 274
    },
    "275": {
        "MUST_LINK": [
            "275"
        ],
        "CANNOT_LINK": [],
        "COMPONENT": 275
    },
    "276": {
        "MUST_LINK": [
            "276"
        ],
        "CANNOT_LINK": [],
        "COMPONENT": 276
    },
    "277": {
        "MUST_LINK": [
            "277"
        ],
        "CANNOT_LINK": [],
        "COMPONENT": 277
    },
    "278": {
        "MUST_LINK": [
            "278"
        ],
        "CANNOT_LINK": [],
        "COMPONENT": 278
    },
    "279": {
        "MUST_LINK": [
            "279"
        ],
        "CANNOT_LINK": [],
        "COMPONENT": 279
    },
    "280": {
        "MUST_LINK": [
            "280"
        ],
        "CANNOT_LINK": [],
        "COMPONENT": 280
    },
    "281": {
        "MUST_LINK": [
            "281"
        ],
        "CANNOT_LINK": [],
        "COMPONENT": 281
    },
    "282": {
        "MUST_LINK": [
            "282"
        ],
        "CANNOT_LINK": [],
        "COMPONENT": 282
    },
    "283": {
        "MUST_LINK": [
            "283"
        ],
        "CANNOT_LINK": [],
        "COMPONENT": 283
    },
    "284": {
        "MUST_LINK": [
            "284"
        ],
        "CANNOT_LINK": [],
        "COMPONENT": 284
    },
    "285": {
        "MUST_LINK": [
            "285"
        ],
        "CANNOT_LINK": [],
        "COMPONENT": 285
    },
    "286": {
        "MUST_LINK": [
            "286"
        ],
        "CANNOT_LINK": [],
        "COMPONENT": 286
    },
    "287": {
        "MUST_LINK": [
            "287"
        ],
        "CANNOT_LINK": [],
        "COMPONENT": 287
    },
    "288": {
        "MUST_LINK": [
            "288"
        ],
        "CANNOT_LINK": [],
        "COMPONENT": 288
    },
    "289": {
        "MUST_LINK": [
            "289"
        ],
        "CANNOT_LINK": [],
        "COMPONENT": 289
    },
    "290": {
        "MUST_LINK": [
            "290"
        ],
        "CANNOT_LINK": [],
        "COMPONENT": 290
    },
    "291": {
        "MUST_LINK": [
            "291"
        ],
        "CANNOT_LINK": [],
        "COMPONENT": 291
    },
    "292": {
        "MUST_LINK": [
            "292"
        ],
        "CANNOT_LINK": [],
        "COMPONENT": 292
    },
    "293": {
        "MUST_LINK": [
            "293"
        ],
        "CANNOT_LINK": [],
        "COMPONENT": 293
    },
    "294": {
        "MUST_LINK": [
            "294"
        ],
        "CANNOT_LINK": [],
        "COMPONENT": 294
    },
    "295": {
        "MUST_LINK": [
            "295"
        ],
        "CANNOT_LINK": [],
        "COMPONENT": 295
    },
    "296": {
        "MUST_LINK": [
            "296"
        ],
        "CANNOT_LINK": [],
        "COMPONENT": 296
    },
    "297": {
        "MUST_LINK": [
            "297"
        ],
        "CANNOT_LINK": [],
        "COMPONENT": 297
    },
    "298": {
        "MUST_LINK": [
            "298"
        ],
        "CANNOT_LINK": [],
        "COMPONENT": 298
    },
    "299": {
        "MUST_LINK": [
            "299"
        ],
        "CANNOT_LINK": [],
        "COMPONENT": 299
    },
    "300": {
        "MUST_LINK": [
            "300"
        ],
        "CANNOT_LINK": [],
        "COMPONENT": 300
    },
    "301": {
        "MUST_LINK": [
            "301"
        ],
        "CANNOT_LINK": [],
        "COMPONENT": 301
    },
    "302": {
        "MUST_LINK": [
            "302"
        ],
        "CANNOT_LINK": [],
        "COMPONENT": 302
    },
    "303": {
        "MUST_LINK": [
            "303"
        ],
        "CANNOT_LINK": [],
        "COMPONENT": 303
    },
    "304": {
        "MUST_LINK": [
            "304"
        ],
        "CANNOT_LINK": [],
        "COMPONENT": 304
    },
    "305": {
        "MUST_LINK": [
            "305"
        ],
        "CANNOT_LINK": [],
        "COMPONENT": 305
    },
    "306": {
        "MUST_LINK": [
            "306"
        ],
        "CANNOT_LINK": [],
        "COMPONENT": 306
    },
    "307": {
        "MUST_LINK": [
            "307"
        ],
        "CANNOT_LINK": [],
        "COMPONENT": 307
    },
    "308": {
        "MUST_LINK": [
            "308"
        ],
        "CANNOT_LINK": [],
        "COMPONENT": 308
    },
    "309": {
        "MUST_LINK": [
            "309"
        ],
        "CANNOT_LINK": [],
        "COMPONENT": 309
    },
    "310": {
        "MUST_LINK": [
            "310"
        ],
        "CANNOT_LINK": [],
        "COMPONENT": 310
    },
    "311": {
        "MUST_LINK": [
            "311"
        ],
        "CANNOT_LINK": [],
        "COMPONENT": 311
    },
    "313": {
        "MUST_LINK": [
            "313"
        ],
        "CANNOT_LINK": [],
        "COMPONENT": 312
    },
    "314": {
        "MUST_LINK": [
            "314"
        ],
        "CANNOT_LINK": [],
        "COMPONENT": 313
    },
    "315": {
        "MUST_LINK": [
            "315"
        ],
        "CANNOT_LINK": [],
        "COMPONENT": 314
    },
    "316": {
        "MUST_LINK": [
            "316"
        ],
        "CANNOT_LINK": [],
        "COMPONENT": 315
    },
    "317": {
        "MUST_LINK": [
            "317"
        ],
        "CANNOT_LINK": [],
        "COMPONENT": 316
    },
    "318": {
        "MUST_LINK": [
            "318"
        ],
        "CANNOT_LINK": [],
        "COMPONENT": 317
    },
    "319": {
        "MUST_LINK": [
            "319"
        ],
        "CANNOT_LINK": [],
        "COMPONENT": 318
    },
    "320": {
        "MUST_LINK": [
            "320"
        ],
        "CANNOT_LINK": [],
        "COMPONENT": 319
    },
    "321": {
        "MUST_LINK": [
            "321"
        ],
        "CANNOT_LINK": [],
        "COMPONENT": 320
    },
    "322": {
        "MUST_LINK": [
            "322"
        ],
        "CANNOT_LINK": [],
        "COMPONENT": 321
    },
    "323": {
        "MUST_LINK": [
            "323"
        ],
        "CANNOT_LINK": [],
        "COMPONENT": 322
    },
    "324": {
        "MUST_LINK": [
            "324"
        ],
        "CANNOT_LINK": [],
        "COMPONENT": 323
    },
    "325": {
        "MUST_LINK": [
            "325"
        ],
        "CANNOT_LINK": [],
        "COMPONENT": 324
    },
    "326": {
        "MUST_LINK": [
            "326"
        ],
        "CANNOT_LINK": [],
        "COMPONENT": 325
    },
    "327": {
        "MUST_LINK": [
            "327"
        ],
        "CANNOT_LINK": [],
        "COMPONENT": 326
    },
    "328": {
        "MUST_LINK": [
            "328"
        ],
        "CANNOT_LINK": [],
        "COMPONENT": 327
    },
    "329": {
        "MUST_LINK": [
            "329"
        ],
        "CANNOT_LINK": [],
        "COMPONENT": 328
    },
    "330": {
        "MUST_LINK": [
            "330"
        ],
        "CANNOT_LINK": [],
        "COMPONENT": 329
    },
    "331": {
        "MUST_LINK": [
            "331"
        ],
        "CANNOT_LINK": [],
        "COMPONENT": 330
    },
    "332": {
        "MUST_LINK": [
            "332"
        ],
        "CANNOT_LINK": [],
        "COMPONENT": 331
    },
    "333": {
        "MUST_LINK": [
            "333"
        ],
        "CANNOT_LINK": [],
        "COMPONENT": 332
    },
    "334": {
        "MUST_LINK": [
            "334"
        ],
        "CANNOT_LINK": [],
        "COMPONENT": 333
    },
    "335": {
        "MUST_LINK": [
            "335"
        ],
        "CANNOT_LINK": [],
        "COMPONENT": 334
    },
    "336": {
        "MUST_LINK": [
            "336"
        ],
        "CANNOT_LINK": [],
        "COMPONENT": 335
    },
    "337": {
        "MUST_LINK": [
            "337"
        ],
        "CANNOT_LINK": [],
        "COMPONENT": 336
    },
    "338": {
        "MUST_LINK": [
            "338"
        ],
        "CANNOT_LINK": [],
        "COMPONENT": 337
    },
    "339": {
        "MUST_LINK": [
            "339"
        ],
        "CANNOT_LINK": [],
        "COMPONENT": 338
    },
    "340": {
        "MUST_LINK": [
            "340"
        ],
        "CANNOT_LINK": [],
        "COMPONENT": 339
    },
    "341": {
        "MUST_LINK": [
            "341"
        ],
        "CANNOT_LINK": [],
        "COMPONENT": 340
    },
    "342": {
        "MUST_LINK": [
            "342"
        ],
        "CANNOT_LINK": [],
        "COMPONENT": 341
    },
    "343": {
        "MUST_LINK": [
            "343"
        ],
        "CANNOT_LINK": [],
        "COMPONENT": 342
    },
    "344": {
        "MUST_LINK": [
            "344"
        ],
        "CANNOT_LINK": [],
        "COMPONENT": 343
    },
    "345": {
        "MUST_LINK": [
            "345"
        ],
        "CANNOT_LINK": [],
        "COMPONENT": 344
    },
    "346": {
        "MUST_LINK": [
            "346"
        ],
        "CANNOT_LINK": [],
        "COMPONENT": 345
    },
    "347": {
        "MUST_LINK": [
            "347"
        ],
        "CANNOT_LINK": [],
        "COMPONENT": 346
    },
    "348": {
        "MUST_LINK": [
            "348"
        ],
        "CANNOT_LINK": [],
        "COMPONENT": 347
    },
    "349": {
        "MUST_LINK": [
            "349"
        ],
        "CANNOT_LINK": [],
        "COMPONENT": 348
    },
    "350": {
        "MUST_LINK": [
            "350"
        ],
        "CANNOT_LINK": [],
        "COMPONENT": 349
    },
    "351": {
        "MUST_LINK": [
            "351"
        ],
        "CANNOT_LINK": [],
        "COMPONENT": 350
    },
    "352": {
        "MUST_LINK": [
            "352"
        ],
        "CANNOT_LINK": [],
        "COMPONENT": 351
    },
    "353": {
        "MUST_LINK": [
            "353"
        ],
        "CANNOT_LINK": [],
        "COMPONENT": 352
    },
    "354": {
        "MUST_LINK": [
            "354"
        ],
        "CANNOT_LINK": [],
        "COMPONENT": 353
    },
    "355": {
        "MUST_LINK": [
            "355"
        ],
        "CANNOT_LINK": [],
        "COMPONENT": 354
    },
    "356": {
        "MUST_LINK": [
            "356"
        ],
        "CANNOT_LINK": [],
        "COMPONENT": 355
    },
    "357": {
        "MUST_LINK": [
            "357"
        ],
        "CANNOT_LINK": [],
        "COMPONENT": 356
    },
    "358": {
        "MUST_LINK": [
            "358"
        ],
        "CANNOT_LINK": [],
        "COMPONENT": 357
    },
    "359": {
        "MUST_LINK": [
            "359"
        ],
        "CANNOT_LINK": [],
        "COMPONENT": 358
    },
    "360": {
        "MUST_LINK": [
            "360"
        ],
        "CANNOT_LINK": [],
        "COMPONENT": 359
    },
    "361": {
        "MUST_LINK": [
            "361"
        ],
        "CANNOT_LINK": [],
        "COMPONENT": 360
    },
    "362": {
        "MUST_LINK": [
            "362"
        ],
        "CANNOT_LINK": [],
        "COMPONENT": 361
    },
    "363": {
        "MUST_LINK": [
            "363"
        ],
        "CANNOT_LINK": [],
        "COMPONENT": 362
    },
    "364": {
        "MUST_LINK": [
            "364"
        ],
        "CANNOT_LINK": [],
        "COMPONENT": 363
    },
    "365": {
        "MUST_LINK": [
            "365"
        ],
        "CANNOT_LINK": [],
        "COMPONENT": 364
    },
    "366": {
        "MUST_LINK": [
            "366"
        ],
        "CANNOT_LINK": [],
        "COMPONENT": 365
    },
    "367": {
        "MUST_LINK": [
            "367"
        ],
        "CANNOT_LINK": [],
        "COMPONENT": 366
    },
    "368": {
        "MUST_LINK": [
            "368"
        ],
        "CANNOT_LINK": [],
        "COMPONENT": 367
    },
    "369": {
        "MUST_LINK": [
            "369"
        ],
        "CANNOT_LINK": [],
        "COMPONENT": 368
    },
    "370": {
        "MUST_LINK": [
            "370"
        ],
        "CANNOT_LINK": [],
        "COMPONENT": 369
    },
    "371": {
        "MUST_LINK": [
            "371"
        ],
        "CANNOT_LINK": [],
        "COMPONENT": 370
    },
    "372": {
        "MUST_LINK": [
            "372"
        ],
        "CANNOT_LINK": [],
        "COMPONENT": 371
    },
    "373": {
        "MUST_LINK": [
            "373"
        ],
        "CANNOT_LINK": [],
        "COMPONENT": 372
    },
    "374": {
        "MUST_LINK": [
            "374"
        ],
        "CANNOT_LINK": [],
        "COMPONENT": 373
    },
    "375": {
        "MUST_LINK": [
            "375"
        ],
        "CANNOT_LINK": [],
        "COMPONENT": 374
    },
    "376": {
        "MUST_LINK": [
            "376"
        ],
        "CANNOT_LINK": [],
        "COMPONENT": 375
    },
    "377": {
        "MUST_LINK": [
            "377"
        ],
        "CANNOT_LINK": [],
        "COMPONENT": 376
    },
    "378": {
        "MUST_LINK": [
            "378"
        ],
        "CANNOT_LINK": [],
        "COMPONENT": 377
    },
    "379": {
        "MUST_LINK": [
            "379"
        ],
        "CANNOT_LINK": [],
        "COMPONENT": 378
    },
    "380": {
        "MUST_LINK": [
            "380"
        ],
        "CANNOT_LINK": [],
        "COMPONENT": 379
    },
    "381": {
        "MUST_LINK": [
            "381"
        ],
        "CANNOT_LINK": [],
        "COMPONENT": 380
    },
    "382": {
        "MUST_LINK": [
            "382"
        ],
        "CANNOT_LINK": [],
        "COMPONENT": 381
    },
    "383": {
        "MUST_LINK": [
            "383"
        ],
        "CANNOT_LINK": [],
        "COMPONENT": 382
    },
    "384": {
        "MUST_LINK": [
            "384"
        ],
        "CANNOT_LINK": [],
        "COMPONENT": 383
    },
    "385": {
        "MUST_LINK": [
            "385"
        ],
        "CANNOT_LINK": [],
        "COMPONENT": 384
    },
    "386": {
        "MUST_LINK": [
            "386"
        ],
        "CANNOT_LINK": [],
        "COMPONENT": 385
    },
    "387": {
        "MUST_LINK": [
            "387"
        ],
        "CANNOT_LINK": [],
        "COMPONENT": 386
    },
    "388": {
        "MUST_LINK": [
            "388"
        ],
        "CANNOT_LINK": [],
        "COMPONENT": 387
    },
    "389": {
        "MUST_LINK": [
            "389"
        ],
        "CANNOT_LINK": [],
        "COMPONENT": 388
    },
    "390": {
        "MUST_LINK": [
            "390"
        ],
        "CANNOT_LINK": [],
        "COMPONENT": 389
    },
    "391": {
        "MUST_LINK": [
            "391"
        ],
        "CANNOT_LINK": [],
        "COMPONENT": 390
    },
    "392": {
        "MUST_LINK": [
            "392"
        ],
        "CANNOT_LINK": [],
        "COMPONENT": 391
    },
    "393": {
        "MUST_LINK": [
            "393"
        ],
        "CANNOT_LINK": [],
        "COMPONENT": 392
    },
    "394": {
        "MUST_LINK": [
            "394"
        ],
        "CANNOT_LINK": [],
        "COMPONENT": 393
    },
    "395": {
        "MUST_LINK": [
            "395"
        ],
        "CANNOT_LINK": [],
        "COMPONENT": 394
    },
    "396": {
        "MUST_LINK": [
            "396"
        ],
        "CANNOT_LINK": [],
        "COMPONENT": 395
    },
    "397": {
        "MUST_LINK": [
            "397"
        ],
        "CANNOT_LINK": [],
        "COMPONENT": 396
    },
    "398": {
        "MUST_LINK": [
            "398"
        ],
        "CANNOT_LINK": [],
        "COMPONENT": 397
    },
    "399": {
        "MUST_LINK": [
            "399"
        ],
        "CANNOT_LINK": [],
        "COMPONENT": 398
    },
    "400": {
        "MUST_LINK": [
            "400"
        ],
        "CANNOT_LINK": [],
        "COMPONENT": 399
    },
    "401": {
        "MUST_LINK": [
            "401"
        ],
        "CANNOT_LINK": [],
        "COMPONENT": 400
    },
    "402": {
        "MUST_LINK": [
            "402"
        ],
        "CANNOT_LINK": [],
        "COMPONENT": 401
    },
    "403": {
        "MUST_LINK": [
            "403"
        ],
        "CANNOT_LINK": [],
        "COMPONENT": 402
    },
    "404": {
        "MUST_LINK": [
            "404"
        ],
        "CANNOT_LINK": [],
        "COMPONENT": 403
    },
    "405": {
        "MUST_LINK": [
            "405"
        ],
        "CANNOT_LINK": [],
        "COMPONENT": 404
    },
    "406": {
        "MUST_LINK": [
            "406"
        ],
        "CANNOT_LINK": [],
        "COMPONENT": 405
    },
    "407": {
        "MUST_LINK": [
            "407"
        ],
        "CANNOT_LINK": [],
        "COMPONENT": 406
    },
    "408": {
        "MUST_LINK": [
            "408"
        ],
        "CANNOT_LINK": [],
        "COMPONENT": 407
    },
    "409": {
        "MUST_LINK": [
            "409"
        ],
        "CANNOT_LINK": [],
        "COMPONENT": 408
    },
    "410": {
        "MUST_LINK": [
            "410"
        ],
        "CANNOT_LINK": [],
        "COMPONENT": 409
    },
    "411": {
        "MUST_LINK": [
            "411"
        ],
        "CANNOT_LINK": [],
        "COMPONENT": 410
    },
    "412": {
        "MUST_LINK": [
            "412"
        ],
        "CANNOT_LINK": [],
        "COMPONENT": 411
    },
    "413": {
        "MUST_LINK": [
            "413"
        ],
        "CANNOT_LINK": [],
        "COMPONENT": 412
    },
    "414": {
        "MUST_LINK": [
            "414"
        ],
        "CANNOT_LINK": [],
        "COMPONENT": 413
    },
    "415": {
        "MUST_LINK": [
            "415"
        ],
        "CANNOT_LINK": [],
        "COMPONENT": 414
    },
    "416": {
        "MUST_LINK": [
            "416"
        ],
        "CANNOT_LINK": [],
        "COMPONENT": 415
    },
    "417": {
        "MUST_LINK": [
            "417"
        ],
        "CANNOT_LINK": [],
        "COMPONENT": 416
    },
    "418": {
        "MUST_LINK": [
            "418"
        ],
        "CANNOT_LINK": [],
        "COMPONENT": 417
    },
    "419": {
        "MUST_LINK": [
            "419"
        ],
        "CANNOT_LINK": [],
        "COMPONENT": 418
    },
    "420": {
        "MUST_LINK": [
            "420"
        ],
        "CANNOT_LINK": [],
        "COMPONENT": 419
    },
    "421": {
        "MUST_LINK": [
            "421"
        ],
        "CANNOT_LINK": [],
        "COMPONENT": 420
    },
    "422": {
        "MUST_LINK": [
            "422"
        ],
        "CANNOT_LINK": [],
        "COMPONENT": 421
    },
    "423": {
        "MUST_LINK": [
            "423"
        ],
        "CANNOT_LINK": [],
        "COMPONENT": 422
    },
    "424": {
        "MUST_LINK": [
            "424"
        ],
        "CANNOT_LINK": [],
        "COMPONENT": 423
    },
    "425": {
        "MUST_LINK": [
            "425"
        ],
        "CANNOT_LINK": [],
        "COMPONENT": 424
    },
    "426": {
        "MUST_LINK": [
            "426"
        ],
        "CANNOT_LINK": [],
        "COMPONENT": 425
    },
    "427": {
        "MUST_LINK": [
            "427"
        ],
        "CANNOT_LINK": [],
        "COMPONENT": 426
    },
    "428": {
        "MUST_LINK": [
            "428"
        ],
        "CANNOT_LINK": [],
        "COMPONENT": 427
    },
    "429": {
        "MUST_LINK": [
            "429"
        ],
        "CANNOT_LINK": [],
        "COMPONENT": 428
    },
    "430": {
        "MUST_LINK": [
            "430"
        ],
        "CANNOT_LINK": [],
        "COMPONENT": 429
    },
    "431": {
        "MUST_LINK": [
            "431"
        ],
        "CANNOT_LINK": [],
        "COMPONENT": 430
    },
    "432": {
        "MUST_LINK": [
            "432"
        ],
        "CANNOT_LINK": [],
        "COMPONENT": 431
    },
    "433": {
        "MUST_LINK": [
            "433"
        ],
        "CANNOT_LINK": [],
        "COMPONENT": 432
    },
    "434": {
        "MUST_LINK": [
            "434"
        ],
        "CANNOT_LINK": [],
        "COMPONENT": 433
    },
    "435": {
        "MUST_LINK": [
            "435"
        ],
        "CANNOT_LINK": [],
        "COMPONENT": 434
    },
    "436": {
        "MUST_LINK": [
            "436"
        ],
        "CANNOT_LINK": [],
        "COMPONENT": 435
    },
    "437": {
        "MUST_LINK": [
            "437"
        ],
        "CANNOT_LINK": [],
        "COMPONENT": 436
    },
    "438": {
        "MUST_LINK": [
            "438"
        ],
        "CANNOT_LINK": [],
        "COMPONENT": 437
    },
    "439": {
        "MUST_LINK": [
            "439"
        ],
        "CANNOT_LINK": [],
        "COMPONENT": 438
    },
    "440": {
        "MUST_LINK": [
            "440"
        ],
        "CANNOT_LINK": [],
        "COMPONENT": 439
    },
    "441": {
        "MUST_LINK": [
            "441"
        ],
        "CANNOT_LINK": [],
        "COMPONENT": 440
    },
    "442": {
        "MUST_LINK": [
            "442"
        ],
        "CANNOT_LINK": [],
        "COMPONENT": 441
    },
    "443": {
        "MUST_LINK": [
            "443"
        ],
        "CANNOT_LINK": [],
        "COMPONENT": 442
    },
    "444": {
        "MUST_LINK": [
            "444"
        ],
        "CANNOT_LINK": [],
        "COMPONENT": 443
    },
    "445": {
        "MUST_LINK": [
            "445"
        ],
        "CANNOT_LINK": [],
        "COMPONENT": 444
    },
    "446": {
        "MUST_LINK": [
            "446"
        ],
        "CANNOT_LINK": [],
        "COMPONENT": 445
    },
    "447": {
        "MUST_LINK": [
            "447"
        ],
        "CANNOT_LINK": [],
        "COMPONENT": 446
    },
    "448": {
        "MUST_LINK": [
            "448"
        ],
        "CANNOT_LINK": [],
        "COMPONENT": 447
    },
    "449": {
        "MUST_LINK": [
            "449"
        ],
        "CANNOT_LINK": [],
        "COMPONENT": 448
    },
    "450": {
        "MUST_LINK": [
            "450"
        ],
        "CANNOT_LINK": [],
        "COMPONENT": 449
    },
    "451": {
        "MUST_LINK": [
            "451"
        ],
        "CANNOT_LINK": [],
        "COMPONENT": 450
    },
    "452": {
        "MUST_LINK": [
            "452"
        ],
        "CANNOT_LINK": [],
        "COMPONENT": 451
    },
    "453": {
        "MUST_LINK": [
            "453"
        ],
        "CANNOT_LINK": [],
        "COMPONENT": 452
    },
    "454": {
        "MUST_LINK": [
            "454"
        ],
        "CANNOT_LINK": [],
        "COMPONENT": 453
    },
    "455": {
        "MUST_LINK": [
            "455"
        ],
        "CANNOT_LINK": [],
        "COMPONENT": 454
    },
    "456": {
        "MUST_LINK": [
            "456"
        ],
        "CANNOT_LINK": [],
        "COMPONENT": 455
    },
    "457": {
        "MUST_LINK": [
            "457"
        ],
        "CANNOT_LINK": [],
        "COMPONENT": 456
    },
    "458": {
        "MUST_LINK": [
            "458"
        ],
        "CANNOT_LINK": [],
        "COMPONENT": 457
    },
    "459": {
        "MUST_LINK": [
            "459"
        ],
        "CANNOT_LINK": [],
        "COMPONENT": 458
    },
    "460": {
        "MUST_LINK": [
            "460"
        ],
        "CANNOT_LINK": [],
        "COMPONENT": 459
    },
    "461": {
        "MUST_LINK": [
            "461"
        ],
        "CANNOT_LINK": [],
        "COMPONENT": 460
    },
    "462": {
        "MUST_LINK": [
            "462"
        ],
        "CANNOT_LINK": [],
        "COMPONENT": 461
    },
    "463": {
        "MUST_LINK": [
            "463"
        ],
        "CANNOT_LINK": [],
        "COMPONENT": 462
    },
    "464": {
        "MUST_LINK": [
            "464"
        ],
        "CANNOT_LINK": [],
        "COMPONENT": 463
    },
    "465": {
        "MUST_LINK": [
            "465"
        ],
        "CANNOT_LINK": [],
        "COMPONENT": 464
    },
    "466": {
        "MUST_LINK": [
            "466"
        ],
        "CANNOT_LINK": [],
        "COMPONENT": 465
    },
    "467": {
        "MUST_LINK": [
            "467"
        ],
        "CANNOT_LINK": [],
        "COMPONENT": 466
    },
    "468": {
        "MUST_LINK": [
            "468"
        ],
        "CANNOT_LINK": [],
        "COMPONENT": 467
    },
    "469": {
        "MUST_LINK": [
            "469"
        ],
        "CANNOT_LINK": [],
        "COMPONENT": 468
    },
    "470": {
        "MUST_LINK": [
            "470"
        ],
        "CANNOT_LINK": [],
        "COMPONENT": 469
    },
    "471": {
        "MUST_LINK": [
            "471"
        ],
        "CANNOT_LINK": [],
        "COMPONENT": 470
    },
    "472": {
        "MUST_LINK": [
            "472"
        ],
        "CANNOT_LINK": [],
        "COMPONENT": 471
    },
    "473": {
        "MUST_LINK": [
            "473"
        ],
        "CANNOT_LINK": [],
        "COMPONENT": 472
    },
    "474": {
        "MUST_LINK": [
            "474"
        ],
        "CANNOT_LINK": [],
        "COMPONENT": 473
    },
    "475": {
        "MUST_LINK": [
            "475"
        ],
        "CANNOT_LINK": [],
        "COMPONENT": 474
    },
    "476": {
        "MUST_LINK": [
            "476"
        ],
        "CANNOT_LINK": [],
        "COMPONENT": 475
    },
    "477": {
        "MUST_LINK": [
            "477"
        ],
        "CANNOT_LINK": [],
        "COMPONENT": 476
    },
    "478": {
        "MUST_LINK": [
            "478"
        ],
        "CANNOT_LINK": [],
        "COMPONENT": 477
    },
    "479": {
        "MUST_LINK": [
            "479"
        ],
        "CANNOT_LINK": [],
        "COMPONENT": 478
    },
    "480": {
        "MUST_LINK": [
            "480"
        ],
        "CANNOT_LINK": [],
        "COMPONENT": 479
    },
    "481": {
        "MUST_LINK": [
            "481"
        ],
        "CANNOT_LINK": [],
        "COMPONENT": 480
    },
    "482": {
        "MUST_LINK": [
            "482"
        ],
        "CANNOT_LINK": [],
        "COMPONENT": 481
    },
    "483": {
        "MUST_LINK": [
            "483"
        ],
        "CANNOT_LINK": [],
        "COMPONENT": 482
    },
    "484": {
        "MUST_LINK": [
            "484"
        ],
        "CANNOT_LINK": [],
        "COMPONENT": 483
    },
    "485": {
        "MUST_LINK": [
            "485"
        ],
        "CANNOT_LINK": [],
        "COMPONENT": 484
    },
    "486": {
        "MUST_LINK": [
            "486"
        ],
        "CANNOT_LINK": [],
        "COMPONENT": 485
    },
    "487": {
        "MUST_LINK": [
            "487"
        ],
        "CANNOT_LINK": [],
        "COMPONENT": 486
    },
    "488": {
        "MUST_LINK": [
            "488"
        ],
        "CANNOT_LINK": [],
        "COMPONENT": 487
    },
    "489": {
        "MUST_LINK": [
            "489"
        ],
        "CANNOT_LINK": [],
        "COMPONENT": 488
    },
    "490": {
        "MUST_LINK": [
            "490"
        ],
        "CANNOT_LINK": [],
        "COMPONENT": 489
    },
    "491": {
        "MUST_LINK": [
            "491"
        ],
        "CANNOT_LINK": [],
        "COMPONENT": 490
    },
    "492": {
        "MUST_LINK": [
            "492"
        ],
        "CANNOT_LINK": [],
        "COMPONENT": 491
    },
    "493": {
        "MUST_LINK": [
            "493"
        ],
        "CANNOT_LINK": [],
        "COMPONENT": 492
    },
    "494": {
        "MUST_LINK": [
            "494"
        ],
        "CANNOT_LINK": [],
        "COMPONENT": 493
    },
    "495": {
        "MUST_LINK": [
            "495"
        ],
        "CANNOT_LINK": [],
        "COMPONENT": 494
    },
    "496": {
        "MUST_LINK": [
            "496"
        ],
        "CANNOT_LINK": [],
        "COMPONENT": 495
    },
    "497": {
        "MUST_LINK": [
            "497"
        ],
        "CANNOT_LINK": [],
        "COMPONENT": 496
    },
    "498": {
        "MUST_LINK": [
            "498"
        ],
        "CANNOT_LINK": [],
        "COMPONENT": 497
    },
    "499": {
        "MUST_LINK": [
            "499"
        ],
        "CANNOT_LINK": [],
        "COMPONENT": 498
    }
}