{
    "0": [],
    "1": [
        "(400,401)",
        "(37,38)",
        "(423,436)",
        "(229,230)",
        "(10,11)",
        "(260,261)",
        "(171,186)",
        "(65,66)",
        "(210,211)",
        "(75,89)",
        "(26,28)",
        "(10,36)",
        "(90,92)",
        "(81,84)",
        "(342,442)",
        "(213,215)",
        "(11,36)",
        "(60,72)",
        "(71,75)",
        "(0,6)",
        "(79,87)",
        "(3,35)",
        "(2,35)",
        "(47,48)",
        "(29,31)",
        "(142,386)",
        "(71,89)",
        "(194,245)",
        "(427,430)",
        "(62,93)",
        "(106,107)",
        "(363,367)",
        "(27,28)",
        "(163,198)",
        "(76,86)",
        "(277,297)",
        "(75,91)",
        "(223,224)",
        "(100,101)",
        "(425,434)",
        "(110,111)",
        "(118,360)",
        "(77,85)",
        "(66,67)",
        "(339,340)",
        "(401,402)",
        "(282,283)",
        "(218,270)",
        "(131,147)",
        "(67,80)"
    ],
    "2": [
        "(163,268)",
        "(193,243)",
        "(170,173)",
        "(203,233)",
        "(138,340)",
        "(167,364)",
        "(220,253)",
        "(24,42)",
        "(190,393)",
        "(320,345)",
        "(222,240)",
        "(120,143)",
        "(25,43)",
        "(218,219)",
        "(25,46)",
        "(57,96)",
        "(126,137)",
        "(160,184)",
        "(23,87)",
        "(22,87)",
        "(142,228)",
        "(24,45)",
        "(231,248)",
        "(163,424)",
        "(268,363)",
        "(135,54)",
        "(304,327)",
        "(306,471)",
        "(233,294)",
        "(391,416)",
        "(70,74)",
        "(72,92)",
        "(126,163)",
        "(174,197)",
        "(57,77)",
        "(34,41)",
        "(201,208)",
        "(362,385)",
        "(269,276)",
        "(138,339)",
        "(163,178)",
        "(204,210)",
        "(148,253)",
        "(116,242)",
        "(234,235)",
        "(56,57)",
        "(287,288)",
        "(424,444)",
        "(217,224)",
        "(151,159)"
    ],
    "3": [
        "(174,196)",
        "(235,237)",
        "(174,188)",
        "(304,308)",
        "(204,244)",
        "(204,207)",
        "(126,268)",
        "(151,187)",
        "(151,184)",
        "(204,206)",
        "(268,424)",
        "(151,180)",
        "(174,180)",
        "(167,217)",
        "(287,289)",
        "(150,151)",
        "(150,174)",
        "(151,181)",
        "(174,181)",
        "(163,167)",
        "(212,467)",
        "(385,445)",
        "(187,392)",
        "(126,424)",
        "(179,226)",
        "(303,351)",
        "(288,289)",
        "(159,161)",
        "(271,290)",
        "(166,178)",
        "(271,272)",
        "(139,222)",
        "(268,426)",
        "(125,362)",
        "(151,196)",
        "(55,97)",
        "(204,223)",
        "(111,452)",
        "(163,165)",
        "(268,425)",
        "(151,170)",
        "(228,386)",
        "(341,382)",
        "(284,285)",
        "(163,164)",
        "(309,320)",
        "(220,452)",
        "(268,362)",
        "(163,363)",
        "(210,244)"
    ],
    "4": [
        "(215,216)",
        "(236,237)",
        "(302,303)",
        "(475,476)",
        "(302,336)",
        "(51,55)",
        "(276,286)",
        "(284,426)",
        "(269,286)",
        "(302,346)",
        "(308,329)",
        "(301,308)",
        "(252,276)",
        "(163,362)",
        "(255,256)",
        "(228,397)",
        "(135,19)",
        "(237,239)",
        "(126,146)",
        "(125,126)",
        "(125,163)",
        "(54,62)",
        "(255,276)",
        "(146,147)",
        "(114,357)",
        "(185,187)",
        "(413,414)",
        "(366,390)",
        "(362,397)",
        "(209,297)",
        "(252,269)",
        "(130,221)",
        "(374,452)",
        "(159,397)",
        "(228,385)",
        "(228,445)",
        "(54,68)",
        "(242,245)",
        "(159,364)",
        "(388,420)",
        "(102,125)",
        "(115,357)",
        "(213,216)",
        "(382,491)",
        "(235,236)",
        "(370,441)",
        "(254,307)",
        "(184,397)",
        "(214,216)",
        "(308,336)"
    ],
    "5": [
        "(185,390)",
        "(185,389)",
        "(105,115)",
        "(104,114)",
        "(185,391)",
        "(207,225)",
        "(424,426)",
        "(326,358)",
        "(303,317)",
        "(404,444)",
        "(15,256)",
        "(185,449)",
        "(132,144)",
        "(106,137)",
        "(291,299)",
        "(350,351)",
        "(414,444)",
        "(439,444)",
        "(107,137)",
        "(137,422)",
        "(366,371)",
        "(435,444)",
        "(185,186)",
        "(137,139)",
        "(62,82)",
        "(351,381)",
        "(303,318)",
        "(202,256)",
        "(134,137)",
        "(424,439)",
        "(256,48)",
        "(420,444)",
        "(245,422)",
        "(363,424)",
        "(403,444)",
        "(426,444)",
        "(68,88)",
        "(68,82)",
        "(211,424)",
        "(408,444)",
        "(409,444)",
        "(286,287)",
        "(120,409)",
        "(217,364)",
        "(424,425)",
        "(471,480)",
        "(168,452)",
        "(429,444)",
        "(200,353)",
        "(66,70)"
    ],
    "6": [
        "(295,97)",
        "(295,296)",
        "(100,131)",
        "(116,124)",
        "(318,319)",
        "(417,429)",
        "(317,348)",
        "(317,319)",
        "(434,438)",
        "(433,434)",
        "(110,141)",
        "(112,124)",
        "(101,147)",
        "(405,417)",
        "(49,54)",
        "(409,410)",
        "(128,147)",
        "(412,432)",
        "(276,278)",
        "(276,282)",
        "(410,420)",
        "(415,442)",
        "(101,102)",
        "(371,407)",
        "(133,134)",
        "(81,82)",
        "(102,128)",
        "(370,371)",
        "(107,138)",
        "(318,338)",
        "(104,106)",
        "(352,379)",
        "(432,447)",
        "(425,433)",
        "(381,394)",
        "(318,348)",
        "(105,106)",
        "(100,141)",
        "(109,139)",
        "(256,295)",
        "(104,107)",
        "(439,440)",
        "(412,434)",
        "(276,279)",
        "(300,317)",
        "(73,75)",
        "(273,88)",
        "(101,131)",
        "(368,371)",
        "(119,135)"
    ],
    "7": [
        "(389,390)",
        "(327,341)",
        "(113,143)",
        "(140,143)",
        "(421,447)",
        "(103,143)",
        "(267,285)",
        "(108,143)",
        "(412,421)",
        "(272,275)",
        "(240,241)",
        "(240,242)",
        "(251,273)",
        "(122,144)",
        "(103,136)",
        "(390,391)",
        "(21,85)",
        "(285,298)",
        "(390,449)",
        "(267,279)",
        "(272,280)",
        "(63,73)",
        "(103,122)",
        "(76,81)",
        "(438,446)",
        "(143,144)",
        "(260,285)",
        "(26,44)",
        "(412,430)",
        "(388,390)",
        "(101,202)",
        "(123,136)",
        "(113,136)",
        "(106,263)",
        "(101,48)",
        "(108,136)",
        "(446,447)",
        "(136,140)",
        "(136,333)",
        "(128,202)",
        "(113,122)",
        "(412,427)",
        "(304,341)",
        "(412,446)",
        "(128,48)",
        "(293,36)",
        "(126,363)",
        "(328,329)",
        "(240,243)",
        "(289,292)"
    ],
    "8": [
        "(263,291)",
        "(464,478)",
        "(464,473)",
        "(460,468)",
        "(63,64)",
        "(313,337)",
        "(452,489)",
        "(332,349)",
        "(393,396)",
        "(454,472)",
        "(478,488)",
        "(334,337)",
        "(461,464)",
        "(313,340)",
        "(80,86)",
        "(472,473)",
        "(310,332)",
        "(358,365)",
        "(473,488)",
        "(488,491)",
        "(358,369)",
        "(464,474)",
        "(472,478)",
        "(332,340)",
        "(465,493)",
        "(465,466)",
        "(465,496)",
        "(472,491)",
        "(238,242)",
        "(116,422)",
        "(112,422)",
        "(488,495)",
        "(487,488)",
        "(461,465)",
        "(330,332)",
        "(124,422)",
        "(404,411)",
        "(313,330)",
        "(373,435)",
        "(21,277)",
        "(44,54)",
        "(253,452)",
        "(23,86)",
        "(22,86)",
        "(79,84)",
        "(135,136)",
        "(330,337)",
        "(12,2)",
        "(356,399)",
        "(238,240)"
    ],
    "9": [
        "(238,239)",
        "(162,361)",
        "(458,495)",
        "(477,487)",
        "(484,485)",
        "(454,469)",
        "(484,486)",
        "(281,80)",
        "(459,460)",
        "(454,484)",
        "(454,494)",
        "(454,483)",
        "(458,487)",
        "(454,467)",
        "(462,487)",
        "(275,9)",
        "(469,487)",
        "(462,482)",
        "(221,238)",
        "(457,487)",
        "(450,487)",
        "(483,487)",
        "(127,212)",
        "(269,54)",
        "(479,487)",
        "(3,54)",
        "(109,145)",
        "(202,24)",
        "(202,25)",
        "(110,30)",
        "(214,269)",
        "(129,333)",
        "(12,37)",
        "(106,113)",
        "(109,355)",
        "(149,328)",
        "(452,475)",
        "(34,431)",
        "(77,84)",
        "(304,310)",
        "(401,424)",
        "(118,313)",
        "(24,48)",
        "(25,48)",
        "(106,140)",
        "(153,159)",
        "(42,44)",
        "(15,435)",
        "(232,241)",
        "(350,352)"
    ],
    "10": [
        "(152,153)",
        "(347,348)",
        "(53,99)",
        "(300,322)",
        "(344,348)",
        "(98,99)",
        "(315,348)",
        "(50,56)",
        "(314,348)",
        "(56,98)",
        "(293,96)",
        "(293,35)",
        "(15,202)",
        "(391,396)",
        "(130,148)",
        "(356,381)",
        "(294,40)",
        "(294,41)",
        "(229,422)",
        "(435,478)",
        "(201,247)",
        "(433,443)",
        "(225,226)",
        "(12,202)",
        "(101,256)",
        "(406,443)",
        "(202,206)",
        "(120,228)",
        "(142,397)",
        "(284,443)",
        "(36,38)",
        "(389,393)",
        "(268,423)",
        "(268,448)",
        "(116,139)",
        "(411,47)",
        "(102,49)",
        "(325,358)",
        "(106,320)",
        "(142,385)",
        "(345,94)",
        "(293,38)",
        "(36,37)",
        "(281,35)",
        "(212,468)",
        "(362,424)",
        "(112,139)",
        "(200,201)",
        "(182,287)",
        "(271,54)"
    ],
    "11": [
        "(121,298)",
        "(246,247)",
        "(226,227)",
        "(200,209)",
        "(36,39)",
        "(214,217)",
        "(257,266)",
        "(226,239)",
        "(206,233)",
        "(11,39)",
        "(211,215)",
        "(203,204)",
        "(382,443)",
        "(259,298)",
        "(10,39)",
        "(294,296)",
        "(203,211)",
        "(266,267)",
        "(405,416)",
        "(206,214)",
        "(288,297)",
        "(205,232)",
        "(365,394)",
        "(21,403)",
        "(15,478)",
        "(257,431)",
        "(107,230)",
        "(221,225)",
        "(21,73)",
        "(227,246)",
        "(201,249)",
        "(254,490)",
        "(350,355)",
        "(227,54)",
        "(38,95)",
        "(247,249)",
        "(166,269)",
        "(201,209)",
        "(355,445)",
        "(434,441)",
        "(310,417)",
        "(210,215)",
        "(37,95)",
        "(391,448)",
        "(142,445)",
        "(277,403)",
        "(268,449)",
        "(418,54)",
        "(152,154)",
        "(205,247)"
    ],
    "12": [
        "(155,156)",
        "(155,175)",
        "(154,155)",
        "(117,395)",
        "(15,48)",
        "(266,274)",
        "(250,266)",
        "(12,24)",
        "(12,25)",
        "(58,65)",
        "(12,48)",
        "(251,399)",
        "(2,24)",
        "(2,25)",
        "(309,55)",
        "(111,220)",
        "(185,448)",
        "(217,219)",
        "(206,478)",
        "(193,397)",
        "(1,54)",
        "(185,437)",
        "(432,54)",
        "(121,428)",
        "(121,411)",
        "(30,429)",
        "(264,411)",
        "(54,92)",
        "(111,374)",
        "(411,52)",
        "(33,61)",
        "(2,48)",
        "(162,362)",
        "(119,383)",
        "(284,418)",
        "(167,212)",
        "(64,94)",
        "(19,54)",
        "(320,333)",
        "(168,220)",
        "(492,91)",
        "(345,88)",
        "(206,316)",
        "(270,85)",
        "(220,374)",
        "(82,83)",
        "(273,345)",
        "(265,422)",
        "(341,491)",
        "(163,449)"
    ],
    "13": [
        "(277,73)",
        "(129,135)",
        "(106,129)",
        "(111,253)",
        "(487,54)",
        "(366,428)",
        "(164,361)",
        "(424,448)",
        "(163,423)",
        "(135,172)",
        "(271,3)",
        "(233,40)",
        "(233,41)",
        "(23,255)",
        "(22,255)",
        "(121,258)",
        "(419,476)",
        "(163,448)",
        "(346,395)",
        "(127,467)",
        "(242,330)",
        "(411,51)",
        "(473,54)",
        "(415,416)",
        "(111,168)",
        "(403,73)",
        "(306,455)",
        "(283,383)",
        "(268,269)",
        "(0,110)",
        "(233,395)",
        "(204,254)",
        "(142,143)",
        "(127,468)",
        "(55,80)",
        "(392,448)",
        "(229,245)",
        "(179,342)",
        "(313,360)",
        "(214,268)",
        "(386,445)",
        "(212,269)",
        "(354,406)",
        "(13,209)",
        "(423,424)",
        "(107,129)",
        "(250,280)",
        "(424,449)",
        "(148,54)",
        "(297,450)"
    ],
    "14": [
        "(440,445)",
        "(127,141)",
        "(127,293)",
        "(183,387)",
        "(118,129)",
        "(452,61)",
        "(118,138)",
        "(148,428)",
        "(117,127)",
        "(253,374)",
        "(419,428)",
        "(119,382)",
        "(119,490)",
        "(226,342)",
        "(191,294)",
        "(228,411)",
        "(121,419)",
        "(228,272)",
        "(417,445)",
        "(191,295)",
        "(228,447)",
        "(228,409)",
        "(135,437)",
        "(168,374)",
        "(16,74)",
        "(265,297)",
        "(13,297)",
        "(169,199)",
        "(212,213)",
        "(359,418)",
        "(212,223)",
        "(191,296)",
        "(118,311)",
        "(135,20)",
        "(100,305)",
        "(297,422)",
        "(283,382)",
        "(212,214)",
        "(10,75)",
        "(212,217)",
        "(365,428)",
        "(159,308)",
        "(179,442)",
        "(269,49)",
        "(138,483)",
        "(209,265)",
        "(19,432)",
        "(200,398)",
        "(228,287)",
        "(281,290)"
    ],
    "15": [
        "(264,265)",
        "(169,177)",
        "(169,192)",
        "(263,320)",
        "(293,95)",
        "(327,342)",
        "(287,343)",
        "(323,342)",
        "(341,342)",
        "(289,343)",
        "(288,343)",
        "(256,309)",
        "(263,345)",
        "(21,212)",
        "(372,52)",
        "(374,479)",
        "(10,21)",
        "(168,253)",
        "(1,135)",
        "(321,497)",
        "(179,387)",
        "(95,96)",
        "(1,102)",
        "(268,361)",
        "(152,398)",
        "(204,492)",
        "(263,55)",
        "(326,342)",
        "(200,324)",
        "(263,457)",
        "(191,97)",
        "(195,387)",
        "(23,28)",
        "(22,28)",
        "(167,467)",
        "(167,468)",
        "(191,40)",
        "(268,364)",
        "(191,41)",
        "(166,467)",
        "(209,492)",
        "(235,4)",
        "(100,17)",
        "(269,361)",
        "(212,73)",
        "(162,268)",
        "(210,361)",
        "(298,428)",
        "(432,49)",
        "(297,492)"
    ],
    "16": [
        "(61,95)",
        "(7,95)",
        "(8,95)",
        "(263,411)",
        "(208,273)",
        "(16,435)",
        "(36,9)",
        "(253,428)",
        "(119,463)",
        "(418,49)",
        "(364,427)",
        "(34,418)",
        "(110,14)",
        "(283,490)",
        "(235,9)",
        "(19,473)",
        "(321,498)",
        "(162,210)",
        "(135,481)",
        "(321,499)",
        "(396,431)",
        "(273,94)",
        "(121,418)",
        "(235,293)",
        "(19,269)",
        "(227,49)",
        "(135,418)",
        "(191,233)",
        "(383,490)",
        "(220,61)",
        "(121,47)",
        "(0,429)",
        "(16,478)",
        "(228,291)",
        "(47,52)",
        "(396,418)",
        "(149,479)",
        "(4,9)",
        "(190,392)",
        "(254,461)",
        "(354,407)",
        "(269,468)",
        "(374,61)",
        "(109,370)",
        "(19,227)",
        "(162,216)",
        "(281,5)",
        "(382,490)",
        "(228,9)",
        "(290,5)"
    ],
    "17": [
        "(311,360)",
        "(387,470)",
        "(34,421)",
        "(121,263)",
        "(149,376)",
        "(250,78)",
        "(473,89)",
        "(132,480)",
        "(127,162)",
        "(191,387)",
        "(169,276)",
        "(293,345)",
        "(15,309)",
        "(473,49)",
        "(252,399)",
        "(255,456)",
        "(275,350)",
        "(13,492)",
        "(228,496)",
        "(39,476)",
        "(135,89)",
        "(121,431)",
        "(487,49)",
        "(321,490)",
        "(418,487)",
        "(23,451)",
        "(22,451)",
        "(294,394)",
        "(121,52)",
        "(49,89)",
        "(137,173)",
        "(264,52)",
        "(262,458)",
        "(199,387)",
        "(148,49)",
        "(345,394)",
        "(235,262)",
        "(228,387)",
        "(387,496)",
        "(320,411)",
        "(255,451)",
        "(422,450)",
        "(182,343)",
        "(14,429)",
        "(361,424)",
        "(283,341)",
        "(293,439)",
        "(253,61)",
        "(328,470)",
        "(24,460)"
    ],
    "18": [
        "(383,443)",
        "(176,293)",
        "(162,364)",
        "(14,278)",
        "(359,438)",
        "(172,482)",
        "(127,361)",
        "(174,223)",
        "(172,481)",
        "(396,422)",
        "(197,247)",
        "(185,377)",
        "(181,491)",
        "(126,361)",
        "(436,480)",
        "(162,424)",
        "(376,427)",
        "(30,53)",
        "(321,428)",
        "(341,383)",
        "(172,437)",
        "(127,364)",
        "(228,293)",
        "(13,83)",
        "(387,397)",
        "(176,480)",
        "(171,479)",
        "(16,204)",
        "(126,364)",
        "(13,435)",
        "(194,387)",
        "(213,363)",
        "(228,79)",
        "(228,90)",
        "(121,51)",
        "(12,273)",
        "(40,97)",
        "(172,20)",
        "(152,352)",
        "(41,97)",
        "(436,475)",
        "(210,363)",
        "(178,378)",
        "(158,387)",
        "(342,387)",
        "(182,352)",
        "(214,363)",
        "(437,441)",
        "(231,287)",
        "(13,450)"
    ],
    "19": [
        "(228,235)",
        "(201,228)",
        "(209,228)",
        "(228,249)",
        "(228,237)",
        "(228,247)",
        "(204,228)",
        "(190,449)",
        "(320,457)",
        "(121,235)",
        "(19,89)",
        "(15,337)",
        "(181,363)",
        "(235,52)",
        "(225,381)",
        "(137,251)",
        "(492,92)",
        "(251,438)",
        "(172,19)",
        "(176,364)",
        "(424,468)",
        "(168,61)",
        "(451,70)",
        "(16,254)",
        "(422,83)",
        "(164,18)",
        "(227,228)",
        "(208,345)",
        "(331,6)",
        "(492,62)",
        "(131,335)",
        "(234,8)",
        "(15,170)",
        "(234,5)",
        "(130,15)",
        "(294,395)",
        "(456,70)",
        "(305,411)",
        "(492,90)",
        "(199,60)",
        "(418,44)",
        "(258,419)",
        "(130,228)",
        "(106,52)",
        "(1,418)",
        "(228,244)",
        "(112,258)",
        "(383,491)",
        "(413,481)",
        "(107,419)"
    ],
    "20": [
        "(305,320)",
        "(305,345)",
        "(333,349)",
        "(309,346)",
        "(320,349)",
        "(310,333)",
        "(333,334)",
        "(333,340)",
        "(333,336)",
        "(309,310)",
        "(310,320)",
        "(345,349)",
        "(197,248)",
        "(332,333)",
        "(23,456)",
        "(22,456)",
        "(231,33)",
        "(223,366)",
        "(309,349)",
        "(231,411)",
        "(120,262)",
        "(176,224)",
        "(15,335)",
        "(124,5)",
        "(263,310)",
        "(127,176)",
        "(130,411)",
        "(254,384)",
        "(361,467)",
        "(248,448)",
        "(221,480)",
        "(231,34)",
        "(157,379)",
        "(361,468)",
        "(164,17)",
        "(231,293)",
        "(290,8)",
        "(157,352)",
        "(1,269)",
        "(255,31)",
        "(422,492)",
        "(321,459)",
        "(130,370)",
        "(130,480)",
        "(165,379)",
        "(262,411)",
        "(231,379)",
        "(235,7)",
        "(21,419)",
        "(349,422)"
    ],
    "21": [
        "(258,259)",
        "(262,292)",
        "(296,299)",
        "(262,289)",
        "(253,276)",
        "(291,296)",
        "(252,253)",
        "(321,349)",
        "(268,291)",
        "(301,306)",
        "(253,269)",
        "(306,343)",
        "(280,299)",
        "(281,293)",
        "(310,321)",
        "(253,286)",
        "(321,330)",
        "(300,306)",
        "(263,268)",
        "(306,323)",
        "(251,252)",
        "(321,340)",
        "(287,293)",
        "(258,260)",
        "(268,299)",
        "(272,291)",
        "(257,258)",
        "(321,332)",
        "(253,278)",
        "(253,282)",
        "(258,298)",
        "(262,287)",
        "(263,283)",
        "(268,293)",
        "(291,298)",
        "(275,291)",
        "(321,322)",
        "(316,321)",
        "(183,228)",
        "(102,376)",
        "(364,467)",
        "(341,490)",
        "(243,481)",
        "(130,386)",
        "(276,321)",
        "(162,467)",
        "(253,366)",
        "(364,468)",
        "(460,72)",
        "(443,490)"
    ],
    "22": [
        "(452,465)",
        "(489,496)",
        "(461,498)",
        "(482,489)",
        "(456,489)",
        "(481,489)",
        "(451,455)",
        "(452,493)",
        "(473,499)",
        "(452,496)",
        "(455,466)",
        "(452,461)",
        "(453,465)",
        "(452,482)",
        "(452,456)",
        "(452,474)",
        "(452,481)",
        "(465,471)",
        "(453,466)",
        "(452,463)",
        "(489,495)",
        "(465,470)",
        "(490,491)",
        "(466,471)",
        "(452,492)",
        "(465,497)",
        "(466,470)",
        "(463,489)",
        "(453,488)",
        "(452,485)",
        "(465,498)",
        "(465,499)",
        "(453,493)",
        "(455,493)",
        "(453,496)",
        "(471,488)",
        "(453,472)",
        "(452,468)",
        "(453,473)",
        "(453,461)",
        "(471,493)",
        "(489,491)",
        "(473,476)",
        "(471,496)",
        "(470,488)",
        "(465,490)",
        "(474,476)",
        "(455,465)",
        "(471,472)",
        "(470,493)"
    ],
    "23": [
        "(162,363)",
        "(363,467)",
        "(20,437)",
        "(16,278)",
        "(377,413)",
        "(363,491)",
        "(414,5)",
        "(268,270)",
        "(146,193)",
        "(326,374)",
        "(189,387)",
        "(17,411)",
        "(13,422)",
        "(388,488)",
        "(377,437)",
        "(13,139)",
        "(399,475)",
        "(363,468)",
        "(228,384)",
        "(146,194)",
        "(14,335)",
        "(326,380)",
        "(128,331)",
        "(1,246)",
        "(145,33)",
        "(17,305)",
        "(1,432)",
        "(15,422)",
        "(448,5)",
        "(14,477)",
        "(167,270)",
        "(220,448)",
        "(422,91)",
        "(199,202)",
        "(205,33)",
        "(194,381)",
        "(189,393)",
        "(227,418)",
        "(303,398)",
        "(281,30)",
        "(121,34)",
        "(131,16)",
        "(290,30)",
        "(16,272)",
        "(189,390)",
        "(412,5)",
        "(169,372)",
        "(147,194)",
        "(31,70)",
        "(212,419)"
    ],
    "24": [
        "(431,469)",
        "(148,365)",
        "(231,42)",
        "(19,418)",
        "(287,7)",
        "(16,335)",
        "(19,254)",
        "(162,377)",
        "(101,29)",
        "(192,396)",
        "(387,84)",
        "(1,148)",
        "(231,46)",
        "(5,88)",
        "(120,231)",
        "(326,373)",
        "(191,396)",
        "(162,392)",
        "(225,32)",
        "(121,354)",
        "(359,407)",
        "(129,31)",
        "(176,365)",
        "(477,5)",
        "(384,410)",
        "(20,482)",
        "(231,4)",
        "(173,64)",
        "(20,481)",
        "(100,29)",
        "(121,359)",
        "(173,63)",
        "(5,53)",
        "(13,254)",
        "(419,73)",
        "(180,378)",
        "(128,29)",
        "(176,366)",
        "(184,384)",
        "(189,392)",
        "(231,40)",
        "(290,384)",
        "(411,7)",
        "(118,31)",
        "(276,6)",
        "(14,336)",
        "(231,9)",
        "(165,376)",
        "(176,428)",
        "(17,247)"
    ],
    "25": [
        "(418,89)",
        "(1,473)",
        "(254,272)",
        "(5,71)",
        "(43,8)",
        "(278,373)",
        "(148,418)",
        "(26,8)",
        "(121,305)",
        "(182,397)",
        "(189,448)",
        "(16,170)",
        "(278,335)",
        "(13,91)",
        "(1,487)",
        "(45,8)",
        "(407,83)",
        "(1,89)",
        "(376,84)",
        "(34,94)",
        "(168,387)",
        "(200,325)",
        "(132,373)",
        "(152,353)",
        "(0,53)",
        "(16,336)",
        "(307,384)",
        "(32,442)",
        "(193,364)",
        "(183,342)",
        "(5,8)",
        "(131,373)",
        "(148,19)",
        "(30,431)",
        "(121,457)",
        "(380,418)",
        "(221,373)",
        "(130,14)",
        "(428,54)",
        "(189,449)",
        "(33,439)",
        "(221,335)",
        "(121,320)",
        "(173,251)",
        "(335,435)",
        "(180,83)",
        "(7,9)",
        "(320,52)",
        "(335,373)",
        "(182,364)"
    ],
    "26": [
        "(307,316)",
        "(311,316)",
        "(316,331)",
        "(316,335)",
        "(307,344)",
        "(331,344)",
        "(335,344)",
        "(307,315)",
        "(311,344)",
        "(311,315)",
        "(315,331)",
        "(315,335)",
        "(307,347)",
        "(331,347)",
        "(307,322)",
        "(335,347)",
        "(311,347)",
        "(322,331)",
        "(322,335)",
        "(311,322)",
        "(305,307)",
        "(307,314)",
        "(305,311)",
        "(305,331)",
        "(305,335)",
        "(311,314)",
        "(314,331)",
        "(307,324)",
        "(314,335)",
        "(324,331)",
        "(307,325)",
        "(324,335)",
        "(311,324)",
        "(325,331)",
        "(325,335)",
        "(311,325)",
        "(335,336)",
        "(331,338)",
        "(335,338)",
        "(311,338)",
        "(331,340)",
        "(307,308)",
        "(335,340)",
        "(311,340)",
        "(308,311)",
        "(307,329)",
        "(329,331)",
        "(301,307)",
        "(308,331)",
        "(329,335)"
    ],
    "27": [
        "(112,121)",
        "(113,121)",
        "(120,121)",
        "(106,121)",
        "(100,121)",
        "(103,121)",
        "(121,140)",
        "(354,428)",
        "(183,290)",
        "(180,32)",
        "(431,53)",
        "(234,30)",
        "(215,31)",
        "(157,397)",
        "(169,332)",
        "(120,384)",
        "(183,493)",
        "(185,376)",
        "(359,428)",
        "(142,384)",
        "(128,169)",
        "(31,441)",
        "(101,32)",
        "(183,496)",
        "(243,30)",
        "(130,16)",
        "(183,392)",
        "(177,379)",
        "(183,442)",
        "(150,375)",
        "(170,373)",
        "(373,478)",
        "(130,335)",
        "(112,431)",
        "(182,480)",
        "(290,386)",
        "(13,335)",
        "(165,248)",
        "(369,431)",
        "(231,79)",
        "(183,384)",
        "(231,90)",
        "(31,401)",
        "(291,386)",
        "(14,53)",
        "(148,89)",
        "(121,131)",
        "(100,32)",
        "(254,33)",
        "(384,493)"
    ],
    "28": [
        "(408,69)",
        "(169,6)",
        "(14,221)",
        "(157,364)",
        "(163,372)",
        "(31,451)",
        "(372,474)",
        "(145,398)",
        "(14,170)",
        "(407,69)",
        "(303,353)",
        "(120,183)",
        "(396,97)",
        "(142,183)",
        "(130,373)",
        "(332,370)",
        "(192,40)",
        "(192,41)",
        "(149,238)",
        "(261,354)",
        "(199,392)",
        "(480,52)",
        "(130,170)",
        "(221,374)",
        "(231,52)",
        "(13,170)",
        "(374,435)",
        "(29,347)",
        "(130,52)",
        "(261,359)",
        "(167,393)",
        "(172,222)",
        "(162,352)",
        "(167,392)",
        "(344,386)",
        "(12,178)",
        "(119,375)",
        "(346,40)",
        "(21,78)",
        "(169,433)",
        "(346,41)",
        "(29,316)",
        "(13,130)",
        "(448,69)",
        "(183,388)",
        "(448,59)",
        "(183,386)",
        "(182,83)",
        "(172,398)",
        "(246,69)"
    ],
    "29": [
        "(160,195)",
        "(160,199)",
        "(173,195)",
        "(160,183)",
        "(173,183)",
        "(173,199)",
        "(160,179)",
        "(160,168)",
        "(173,179)",
        "(168,173)",
        "(178,189)",
        "(157,191)",
        "(158,173)",
        "(158,160)",
        "(160,194)",
        "(166,194)",
        "(171,183)",
        "(166,195)",
        "(180,183)",
        "(183,184)",
        "(173,194)",
        "(168,174)",
        "(179,180)",
        "(168,188)",
        "(160,191)",
        "(160,189)",
        "(150,183)",
        "(180,199)",
        "(184,199)",
        "(173,191)",
        "(181,183)",
        "(173,189)",
        "(170,183)",
        "(168,196)",
        "(179,181)",
        "(150,199)",
        "(166,191)",
        "(181,199)",
        "(179,184)",
        "(166,189)",
        "(158,166)",
        "(168,180)",
        "(166,183)",
        "(186,189)",
        "(158,182)",
        "(183,187)",
        "(170,199)",
        "(150,179)",
        "(157,158)",
        "(178,179)"
    ],
    "30": [
        "(30,477)",
        "(208,372)",
        "(30,94)",
        "(386,493)",
        "(310,367)",
        "(140,372)",
        "(18,247)",
        "(428,49)",
        "(386,496)",
        "(220,330)",
        "(244,78)",
        "(372,89)",
        "(275,398)",
        "(30,71)",
        "(225,378)",
        "(364,84)",
        "(121,380)",
        "(145,40)",
        "(231,485)",
        "(130,374)",
        "(376,490)",
        "(217,378)",
        "(386,494)",
        "(289,59)",
        "(347,49)",
        "(225,380)",
        "(232,59)",
        "(354,418)",
        "(172,220)",
        "(34,419)",
        "(175,69)",
        "(43,431)",
        "(373,407)",
        "(0,431)",
        "(26,431)",
        "(149,189)",
        "(33,478)",
        "(316,49)",
        "(231,305)",
        "(17,264)",
        "(302,372)",
        "(17,52)",
        "(32,347)",
        "(431,45)",
        "(175,59)",
        "(231,345)",
        "(380,408)",
        "(398,448)",
        "(231,480)",
        "(220,343)"
    ],
    "31": [
        "(1,20)",
        "(32,49)",
        "(1,29)",
        "(49,6)",
        "(1,14)",
        "(0,49)",
        "(1,30)",
        "(389,392)",
        "(18,49)",
        "(1,19)",
        "(362,363)",
        "(1,31)",
        "(17,49)",
        "(386,397)",
        "(390,392)",
        "(385,386)",
        "(41,49)",
        "(48,49)",
        "(0,1)",
        "(391,392)",
        "(44,49)",
        "(407,408)",
        "(3,49)",
        "(377,389)",
        "(392,393)",
        "(406,407)",
        "(355,385)",
        "(377,388)",
        "(19,49)",
        "(15,49)",
        "(361,364)",
        "(47,49)",
        "(388,397)",
        "(1,15)",
        "(34,49)",
        "(352,385)",
        "(350,385)",
        "(1,40)",
        "(377,390)",
        "(352,362)",
        "(392,396)",
        "(1,32)",
        "(355,362)",
        "(1,44)",
        "(384,387)",
        "(361,362)",
        "(1,3)",
        "(352,364)",
        "(1,16)",
        "(363,364)"
    ],
    "32": [
        "(16,374)",
        "(39,394)",
        "(39,395)",
        "(15,373)",
        "(16,373)",
        "(15,374)",
        "(13,373)",
        "(32,381)",
        "(12,398)",
        "(32,378)",
        "(14,373)",
        "(396,40)",
        "(396,41)",
        "(355,39)",
        "(32,380)",
        "(24,371)",
        "(25,371)",
        "(398,9)",
        "(352,9)",
        "(0,356)",
        "(39,398)",
        "(13,374)",
        "(16,387)",
        "(28,371)",
        "(14,374)",
        "(24,383)",
        "(25,383)",
        "(394,40)",
        "(371,6)",
        "(394,41)",
        "(32,372)",
        "(24,382)",
        "(25,382)",
        "(12,353)",
        "(381,42)",
        "(352,4)",
        "(381,46)",
        "(12,381)",
        "(0,355)",
        "(370,6)",
        "(12,378)",
        "(26,371)",
        "(12,361)",
        "(180,380)",
        "(310,431)",
        "(12,162)",
        "(351,9)",
        "(190,217)",
        "(176,411)",
        "(19,387)"
    ],
    "33": [
        "(172,362)",
        "(174,428)",
        "(234,431)",
        "(395,480)",
        "(176,378)",
        "(248,398)",
        "(431,94)",
        "(256,360)",
        "(190,378)",
        "(176,90)",
        "(243,431)",
        "(398,480)",
        "(282,375)",
        "(256,357)",
        "(16,220)",
        "(431,71)",
        "(380,488)",
        "(372,411)",
        "(360,496)",
        "(359,488)",
        "(198,52)",
        "(240,431)",
        "(371,89)",
        "(375,490)",
        "(193,463)",
        "(172,384)",
        "(395,97)",
        "(13,387)",
        "(284,375)",
        "(428,52)",
        "(140,378)",
        "(321,418)",
        "(261,380)",
        "(395,94)",
        "(231,64)",
        "(398,419)",
        "(310,357)",
        "(127,190)",
        "(149,253)",
        "(231,63)",
        "(375,443)",
        "(135,353)",
        "(298,380)",
        "(220,371)",
        "(172,385)",
        "(236,431)",
        "(380,487)",
        "(309,418)",
        "(283,375)",
        "(190,480)"
    ],
    "34": [
        "(149,365)",
        "(162,398)",
        "(382,431)",
        "(42,69)",
        "(272,353)",
        "(275,353)",
        "(271,353)",
        "(165,33)",
        "(43,69)",
        "(46,69)",
        "(383,89)",
        "(45,69)",
        "(190,376)",
        "(231,59)",
        "(176,398)",
        "(398,97)",
        "(341,375)",
        "(190,293)",
        "(149,436)",
        "(382,89)",
        "(190,398)",
        "(44,69)",
        "(378,417)",
        "(381,52)",
        "(354,431)",
        "(380,431)",
        "(378,429)",
        "(254,69)",
        "(359,431)",
        "(378,405)",
        "(282,376)",
        "(1,360)",
        "(398,60)",
        "(305,376)",
        "(378,442)",
        "(149,423)",
        "(458,59)",
        "(220,398)",
        "(193,334)",
        "(248,59)",
        "(172,264)",
        "(149,176)",
        "(172,52)",
        "(176,47)",
        "(342,378)",
        "(1,357)",
        "(372,55)",
        "(130,231)",
        "(190,47)",
        "(495,59)"
    ],
    "35": [
        "(436,78)",
        "(193,398)",
        "(220,428)",
        "(383,88)",
        "(462,69)",
        "(380,419)",
        "(33,59)",
        "(149,428)",
        "(360,441)",
        "(162,60)",
        "(462,78)",
        "(382,88)",
        "(160,418)",
        "(357,441)",
        "(204,354)",
        "(34,354)",
        "(162,303)",
        "(172,51)",
        "(176,52)",
        "(360,56)",
        "(273,372)",
        "(204,359)",
        "(33,345)",
        "(423,78)",
        "(34,359)",
        "(204,360)",
        "(395,437)",
        "(190,52)",
        "(164,383)",
        "(356,69)",
        "(357,56)",
        "(270,378)",
        "(206,354)",
        "(193,415)",
        "(204,357)",
        "(172,378)",
        "(324,69)",
        "(162,345)",
        "(164,382)",
        "(130,172)",
        "(206,359)",
        "(378,83)",
        "(206,360)",
        "(191,395)",
        "(162,231)",
        "(162,96)",
        "(444,78)",
        "(480,78)",
        "(378,467)",
        "(206,357)"
    ],
    "36": [
        "(374,431)",
        "(176,220)",
        "(353,60)",
        "(232,376)",
        "(190,51)",
        "(149,90)",
        "(164,354)",
        "(149,92)",
        "(248,419)",
        "(164,359)",
        "(176,374)",
        "(164,360)",
        "(162,353)",
        "(33,94)",
        "(149,84)",
        "(305,59)",
        "(34,59)",
        "(16,59)",
        "(164,357)",
        "(149,220)",
        "(353,437)",
        "(193,376)",
        "(33,366)",
        "(24,59)",
        "(25,59)",
        "(149,74)",
        "(353,446)",
        "(130,422)",
        "(148,176)",
        "(162,52)",
        "(172,64)",
        "(245,376)",
        "(40,59)",
        "(149,374)",
        "(218,383)",
        "(41,59)",
        "(172,63)",
        "(193,378)",
        "(162,64)",
        "(12,59)",
        "(162,63)",
        "(383,422)",
        "(360,418)",
        "(316,354)",
        "(190,83)",
        "(310,354)",
        "(174,422)",
        "(316,359)",
        "(357,418)",
        "(310,359)"
    ],
    "37": [
        "(231,376)",
        "(190,428)",
        "(357,457)",
        "(130,353)",
        "(148,220)",
        "(353,494)",
        "(148,383)",
        "(374,428)",
        "(13,248)",
        "(172,320)",
        "(353,422)",
        "(193,83)",
        "(354,461)",
        "(360,422)",
        "(379,59)",
        "(376,59)",
        "(357,422)",
        "(248,376)",
        "(149,16)",
        "(422,69)",
        "(376,6)",
        "(357,461)",
        "(422,59)",
        "(116,69)",
        "(422,78)",
        "(418,59)",
        "(376,42)",
        "(172,372)",
        "(13,428)",
        "(376,43)",
        "(116,59)",
        "(378,428)",
        "(376,46)",
        "(176,320)",
        "(116,78)",
        "(376,45)",
        "(190,320)",
        "(33,395)",
        "(373,62)",
        "(148,353)",
        "(366,59)",
        "(148,360)",
        "(124,69)",
        "(220,73)",
        "(376,44)",
        "(180,431)",
        "(124,59)",
        "(172,345)",
        "(120,69)",
        "(124,78)"
    ],
    "38": [
        "(162,428)",
        "(148,357)",
        "(13,59)",
        "(172,231)",
        "(33,373)",
        "(176,372)",
        "(190,372)",
        "(13,149)",
        "(321,78)",
        "(375,49)",
        "(354,56)",
        "(359,56)",
        "(431,59)",
        "(176,231)",
        "(190,231)",
        "(130,190)",
        "(149,64)",
        "(395,422)",
        "(162,378)",
        "(149,63)",
        "(360,419)",
        "(33,376)",
        "(33,418)",
        "(357,419)",
        "(162,376)",
        "(231,69)",
        "(162,69)",
        "(33,374)",
        "(231,372)",
        "(130,372)",
        "(231,78)",
        "(376,69)",
        "(31,375)",
        "(206,375)",
        "(162,372)",
        "(33,353)",
        "(148,395)",
        "(13,69)",
        "(130,398)",
        "(248,69)",
        "(220,69)",
        "(206,382)",
        "(13,353)",
        "(248,373)",
        "(176,64)",
        "(13,220)",
        "(13,78)",
        "(220,59)",
        "(354,57)",
        "(176,63)"
    ],
    "39": [
        "(220,78)",
        "(190,64)",
        "(375,54)",
        "(190,63)",
        "(148,33)",
        "(130,162)",
        "(13,398)",
        "(174,78)",
        "(172,353)",
        "(172,428)",
        "(380,54)",
        "(431,69)",
        "(375,418)",
        "(398,64)",
        "(431,78)",
        "(248,374)",
        "(172,373)",
        "(398,63)",
        "(383,418)",
        "(13,418)",
        "(382,418)",
        "(366,78)",
        "(33,428)",
        "(418,69)",
        "(378,418)",
        "(148,431)",
        "(353,94)",
        "(360,94)",
        "(418,78)",
        "(180,78)",
        "(162,33)",
        "(33,69)",
        "(357,94)",
        "(422,52)",
        "(13,172)",
        "(220,33)",
        "(33,78)",
        "(373,59)",
        "(353,418)",
        "(373,89)",
        "(372,428)",
        "(148,375)",
        "(148,59)",
        "(197,78)",
        "(172,374)",
        "(33,398)",
        "(148,382)",
        "(373,418)",
        "(150,78)",
        "(185,78)"
    ],
    "40": [
        "(33,431)",
        "(148,378)",
        "(148,354)",
        "(148,380)",
        "(148,359)",
        "(374,59)",
        "(33,375)",
        "(248,353)",
        "(33,383)",
        "(374,89)",
        "(375,428)",
        "(383,428)",
        "(33,382)",
        "(428,59)",
        "(33,378)",
        "(374,418)",
        "(382,428)",
        "(172,33)",
        "(33,354)",
        "(13,431)",
        "(33,380)",
        "(395,418)",
        "(33,359)",
        "(33,360)",
        "(353,428)",
        "(33,357)",
        "(373,428)",
        "(374,73)",
        "(374,64)",
        "(375,431)",
        "(374,63)",
        "(431,52)",
        "(383,431)",
        "(378,431)",
        "(418,52)",
        "(13,375)",
        "(373,69)",
        "(375,59)",
        "(13,52)",
        "(13,383)",
        "(383,59)",
        "(231,422)",
        "(220,52)",
        "(375,89)",
        "(395,428)",
        "(220,373)",
        "(373,78)",
        "(353,431)",
        "(13,382)",
        "(360,431)"
    ],
    "41": [
        "(382,59)",
        "(13,378)",
        "(378,59)",
        "(357,431)",
        "(378,89)",
        "(373,431)",
        "(13,354)",
        "(220,422)",
        "(354,59)",
        "(13,380)",
        "(380,59)",
        "(354,89)",
        "(13,359)",
        "(359,59)",
        "(353,59)",
        "(380,89)",
        "(13,360)",
        "(360,59)",
        "(359,89)",
        "(13,357)",
        "(357,59)",
        "(374,69)",
        "(374,78)",
        "(33,52)",
        "(395,431)",
        "(33,422)",
        "(13,395)",
        "(395,59)",
        "(419,69)",
        "(231,431)",
        "(419,78)",
        "(231,418)",
        "(130,69)",
        "(248,431)",
        "(220,431)",
        "(130,78)",
        "(248,418)",
        "(220,418)",
        "(148,69)",
        "(148,78)",
        "(428,69)",
        "(428,78)",
        "(176,353)",
        "(353,52)",
        "(193,252)",
        "(172,354)",
        "(176,354)",
        "(231,354)",
        "(354,52)",
        "(354,422)"
    ],
    "42": [
        "(193,419)",
        "(1,193)",
        "(193,2)",
        "(13,176)",
        "(15,193)",
        "(16,193)",
        "(172,380)",
        "(172,383)",
        "(149,172)",
        "(172,422)",
        "(176,380)",
        "(176,383)",
        "(176,422)",
        "(193,26)",
        "(231,378)",
        "(378,52)",
        "(378,422)",
        "(231,380)",
        "(380,52)",
        "(380,422)",
        "(231,383)",
        "(383,52)",
        "(193,231)",
        "(149,231)",
        "(193,36)",
        "(190,422)",
        "(193,43)",
        "(193,45)",
        "(193,52)",
        "(193,422)",
        "(193,49)",
        "(149,52)",
        "(149,422)",
        "(220,353)",
        "(353,69)",
        "(353,78)",
        "(190,353)",
        "(193,353)",
        "(149,353)",
        "(162,354)",
        "(220,354)",
        "(354,69)",
        "(354,78)",
        "(190,354)",
        "(193,354)",
        "(149,354)",
        "(220,357)",
        "(172,357)",
        "(357,69)",
        "(357,78)"
    ],
    "43": [
        "(176,357)",
        "(231,357)",
        "(190,357)",
        "(193,357)",
        "(248,357)",
        "(149,357)",
        "(357,52)",
        "(172,359)",
        "(176,359)",
        "(231,359)",
        "(190,359)",
        "(193,359)",
        "(149,359)",
        "(359,52)",
        "(359,422)",
        "(172,418)",
        "(176,418)",
        "(190,418)",
        "(193,418)",
        "(149,418)",
        "(220,360)",
        "(172,360)",
        "(360,69)",
        "(360,78)",
        "(176,360)",
        "(231,360)",
        "(190,360)",
        "(193,360)",
        "(248,360)",
        "(149,360)",
        "(360,52)",
        "(376,419)",
        "(372,59)",
        "(172,59)",
        "(176,59)",
        "(190,59)",
        "(398,59)",
        "(193,59)",
        "(149,59)",
        "(13,162)",
        "(162,380)",
        "(162,383)",
        "(149,162)",
        "(162,422)",
        "(220,372)",
        "(220,376)",
        "(220,378)",
        "(220,380)",
        "(220,382)",
        "(220,383)"
    ],
    "44": [
        "(190,220)",
        "(193,220)",
        "(13,372)",
        "(372,69)",
        "(372,78)",
        "(33,372)",
        "(193,372)",
        "(149,372)",
        "(372,422)",
        "(372,431)",
        "(176,373)",
        "(190,373)",
        "(193,373)",
        "(149,373)",
        "(373,52)",
        "(373,422)",
        "(130,376)",
        "(130,193)",
        "(13,376)",
        "(13,190)",
        "(13,193)",
        "(190,374)",
        "(193,374)",
        "(374,52)",
        "(374,422)",
        "(172,375)",
        "(172,376)",
        "(172,69)",
        "(172,78)",
        "(172,382)",
        "(172,395)",
        "(172,431)",
        "(193,64)",
        "(376,63)",
        "(193,63)",
        "(176,375)",
        "(231,375)",
        "(190,375)",
        "(193,375)",
        "(149,375)",
        "(375,52)",
        "(375,422)",
        "(376,73)",
        "(376,75)",
        "(376,78)",
        "(176,376)",
        "(376,94)",
        "(148,376)",
        "(376,52)",
        "(376,422)"
    ],
    "45": [
        "(376,431)",
        "(176,69)",
        "(378,69)",
        "(380,69)",
        "(382,69)",
        "(383,69)",
        "(190,69)",
        "(398,69)",
        "(193,69)",
        "(149,69)",
        "(176,78)",
        "(378,78)",
        "(380,78)",
        "(382,78)",
        "(383,78)",
        "(190,78)",
        "(398,78)",
        "(193,78)",
        "(149,78)",
        "(176,382)",
        "(176,33)",
        "(176,395)",
        "(176,431)",
        "(149,378)",
        "(190,380)",
        "(193,380)",
        "(149,380)",
        "(231,382)",
        "(190,382)",
        "(193,382)",
        "(248,382)",
        "(149,382)",
        "(382,52)",
        "(382,422)",
        "(190,383)",
        "(193,383)",
        "(149,383)",
        "(231,395)",
        "(190,33)",
        "(193,33)",
        "(149,33)",
        "(190,395)",
        "(149,190)",
        "(190,431)",
        "(193,395)",
        "(149,395)",
        "(395,52)",
        "(149,398)",
        "(398,52)",
        "(398,422)"
    ],
    "46": [
        "(398,431)",
        "(149,193)",
        "(193,431)",
        "(149,431)",
        "(162,357)",
        "(162,359)",
        "(220,359)",
        "(359,69)",
        "(359,78)",
        "(162,418)",
        "(372,418)",
        "(376,418)",
        "(398,418)",
        "(162,360)",
        "(162,59)",
        "(162,220)",
        "(162,373)",
        "(162,374)",
        "(162,375)",
        "(162,78)",
        "(162,382)",
        "(162,395)",
        "(162,431)",
        "(220,375)",
        "(220,395)",
        "(375,69)",
        "(375,78)",
        "(395,69)",
        "(395,78)"
    ],
    "47": [
        "(357,376)",
        "(172,182)",
        "(431,443)",
        "(378,380)",
        "(77,94)",
        "(155,176)",
        "(421,431)",
        "(112,149)",
        "(373,382)",
        "(53,78)",
        "(431,433)",
        "(372,377)",
        "(73,74)",
        "(364,376)",
        "(88,91)",
        "(118,130)",
        "(354,394)",
        "(11,13)",
        "(353,364)",
        "(201,231)",
        "(141,148)",
        "(365,382)",
        "(220,227)",
        "(63,83)",
        "(78,99)",
        "(80,91)",
        "(352,360)",
        "(65,91)",
        "(220,242)",
        "(56,78)",
        "(71,78)",
        "(378,379)",
        "(360,368)",
        "(64,83)",
        "(240,248)",
        "(355,376)",
        "(33,46)",
        "(361,398)",
        "(353,371)",
        "(351,383)",
        "(353,358)",
        "(72,89)",
        "(13,49)",
        "(350,357)",
        "(369,398)",
        "(183,193)",
        "(364,382)",
        "(75,98)",
        "(360,375)",
        "(402,431)"
    ],
    "48": [
        "(418,443)",
        "(357,374)",
        "(422,429)",
        "(418,423)",
        "(52,93)",
        "(69,97)",
        "(52,81)",
        "(374,382)",
        "(52,58)",
        "(359,384)",
        "(181,190)",
        "(155,190)",
        "(374,393)",
        "(69,76)",
        "(352,395)",
        "(69,93)",
        "(162,171)",
        "(59,85)",
        "(359,392)",
        "(365,395)",
        "(156,190)",
        "(152,162)",
        "(154,162)",
        "(52,97)",
        "(353,359)",
        "(374,384)",
        "(59,73)",
        "(52,67)",
        "(190,195)",
        "(59,68)",
        "(69,81)",
        "(52,53)",
        "(59,79)",
        "(407,428)",
        "(59,78)",
        "(59,66)",
        "(422,439)",
        "(162,197)",
        "(52,74)",
        "(52,99)",
        "(359,390)",
        "(404,419)",
        "(423,428)",
        "(418,426)",
        "(428,444)",
        "(386,395)",
        "(52,94)",
        "(408,419)",
        "(363,395)",
        "(162,188)"
    ]
}