{
    "0": {
        "0": 0,
        "1": 1,
        "10": 1,
        "100": 1,
        "101": 0,
        "102": 2,
        "103": 3,
        "104": 1,
        "105": 3,
        "106": 1,
        "107": 3,
        "108": 4,
        "109": 3,
        "11": 0,
        "110": 4,
        "111": 2,
        "112": 1,
        "113": 5,
        "114": 0,
        "115": 1,
        "116": 0,
        "117": 0,
        "118": 1,
        "119": 3,
        "12": 2,
        "120": 4,
        "121": 2,
        "122": 1,
        "123": 4,
        "124": 3,
        "125": 1,
        "126": 2,
        "127": 2,
        "128": 1,
        "129": 4,
        "13": 6,
        "130": 1,
        "131": 1,
        "132": 2,
        "133": 1,
        "134": 2,
        "135": 3,
        "136": 1,
        "137": 2,
        "138": 5,
        "139": 1,
        "14": 4,
        "140": 2,
        "141": 3,
        "142": 3,
        "143": 3,
        "144": 5,
        "145": 1,
        "146": 0,
        "147": 3,
        "148": 4,
        "149": 1,
        "15": 1,
        "150": 1,
        "151": 1,
        "152": 4,
        "153": 3,
        "154": 0,
        "155": 1,
        "156": 4,
        "157": 5,
        "158": 3,
        "159": 3,
        "16": 1,
        "160": 1,
        "161": 4,
        "162": 3,
        "163": 5,
        "164": 4,
        "165": 1,
        "166": 5,
        "167": 4,
        "168": 1,
        "169": 1,
        "17": 6,
        "170": 4,
        "171": 6,
        "172": 4,
        "173": 1,
        "174": 3,
        "175": 4,
        "176": 4,
        "177": 1,
        "178": 1,
        "179": 1,
        "18": 2,
        "180": 1,
        "181": 2,
        "182": 4,
        "183": 4,
        "184": 5,
        "185": 3,
        "186": 6,
        "187": 3,
        "188": 1,
        "189": 5,
        "19": 1,
        "190": 4,
        "191": 3,
        "192": 4,
        "193": 5,
        "194": 1,
        "195": 3,
        "196": 0,
        "197": 3,
        "198": 3,
        "199": 6,
        "2": 3,
        "20": 1,
        "200": 4,
        "201": 2,
        "202": 3,
        "203": 4,
        "204": 1,
        "205": 5,
        "206": 4,
        "207": 5,
        "208": 1,
        "209": 3,
        "21": 1,
        "210": 3,
        "211": 4,
        "212": 3,
        "213": 4,
        "214": 1,
        "215": 3,
        "216": 1,
        "217": 3,
        "218": 5,
        "219": 3,
        "22": 0,
        "220": 3,
        "221": 3,
        "222": 5,
        "223": 0,
        "224": 6,
        "225": 5,
        "226": 6,
        "227": 3,
        "228": 0,
        "229": 5,
        "23": 1,
        "230": 3,
        "231": 3,
        "232": 6,
        "233": 5,
        "234": 3,
        "235": 3,
        "236": 0,
        "237": 5,
        "238": 6,
        "239": 3,
        "24": 6,
        "240": 0,
        "241": 3,
        "242": 5,
        "243": 5,
        "244": 3,
        "245": 1,
        "246": 6,
        "247": 7,
        "248": 3,
        "249": 3,
        "25": 1,
        "250": 1,
        "251": 3,
        "252": 3,
        "253": 7,
        "254": 3,
        "255": 6,
        "256": 1,
        "257": 7,
        "258": 3,
        "259": 6,
        "26": 2,
        "260": 1,
        "261": 7,
        "27": 3,
        "28": 2,
        "29": 0,
        "3": 2,
        "30": 1,
        "31": 4,
        "32": 1,
        "33": 3,
        "34": 4,
        "35": 2,
        "36": 1,
        "37": 6,
        "38": 6,
        "39": 1,
        "4": 4,
        "40": 1,
        "41": 1,
        "42": 0,
        "43": 3,
        "44": 1,
        "45": 2,
        "46": 3,
        "47": 4,
        "48": 1,
        "49": 2,
        "5": 1,
        "50": 6,
        "51": 2,
        "52": 1,
        "53": 1,
        "54": 4,
        "55": 1,
        "56": 2,
        "57": 3,
        "58": 1,
        "59": 2,
        "6": 4,
        "60": 4,
        "61": 4,
        "62": 4,
        "63": 3,
        "64": 2,
        "65": 4,
        "66": 2,
        "67": 3,
        "68": 2,
        "69": 4,
        "7": 2,
        "70": 4,
        "71": 4,
        "72": 4,
        "73": 6,
        "74": 1,
        "75": 2,
        "76": 3,
        "77": 3,
        "78": 4,
        "79": 1,
        "8": 1,
        "80": 6,
        "81": 4,
        "82": 6,
        "83": 1,
        "84": 3,
        "85": 0,
        "86": 4,
        "87": 1,
        "88": 1,
        "89": 1,
        "9": 6,
        "90": 2,
        "91": 1,
        "92": 1,
        "93": 4,
        "94": 2,
        "95": 1,
        "96": 2,
        "97": 3,
        "98": 4,
        "99": 5
    },
    "1": {
        "0": 0,
        "1": 1,
        "10": 1,
        "100": 1,
        "101": 0,
        "102": 2,
        "103": 3,
        "104": 1,
        "105": 4,
        "106": 1,
        "107": 4,
        "108": 3,
        "109": 4,
        "11": 0,
        "110": 3,
        "111": 2,
        "112": 1,
        "113": 5,
        "114": 0,
        "115": 0,
        "116": 0,
        "117": 0,
        "118": 4,
        "119": 4,
        "12": 2,
        "120": 3,
        "121": 2,
        "122": 1,
        "123": 3,
        "124": 4,
        "125": 1,
        "126": 2,
        "127": 2,
        "128": 1,
        "129": 3,
        "13": 6,
        "130": 1,
        "131": 1,
        "132": 2,
        "133": 1,
        "134": 2,
        "135": 4,
        "136": 1,
        "137": 2,
        "138": 1,
        "139": 1,
        "14": 3,
        "140": 2,
        "141": 4,
        "142": 4,
        "143": 3,
        "144": 0,
        "145": 1,
        "146": 0,
        "147": 3,
        "148": 3,
        "149": 1,
        "15": 1,
        "150": 1,
        "151": 1,
        "152": 3,
        "153": 4,
        "154": 0,
        "155": 1,
        "156": 3,
        "157": 5,
        "158": 3,
        "159": 4,
        "16": 1,
        "160": 1,
        "161": 3,
        "162": 4,
        "163": 5,
        "164": 3,
        "165": 3,
        "166": 5,
        "167": 3,
        "168": 1,
        "169": 4,
        "17": 6,
        "170": 3,
        "171": 6,
        "172": 3,
        "173": 1,
        "174": 4,
        "175": 4,
        "176": 3,
        "177": 4,
        "178": 1,
        "179": 0,
        "18": 2,
        "180": 1,
        "181": 2,
        "182": 3,
        "183": 1,
        "184": 0,
        "185": 4,
        "186": 6,
        "187": 5,
        "188": 1,
        "189": 3,
        "19": 1,
        "190": 3,
        "191": 4,
        "192": 3,
        "193": 4,
        "194": 1,
        "195": 4,
        "196": 0,
        "197": 3,
        "198": 4,
        "199": 6,
        "2": 3,
        "20": 1,
        "200": 3,
        "201": 2,
        "202": 4,
        "203": 3,
        "204": 1,
        "205": 5,
        "206": 3,
        "207": 5,
        "208": 1,
        "209": 5,
        "21": 1,
        "210": 4,
        "211": 3,
        "212": 4,
        "213": 3,
        "214": 1,
        "215": 4,
        "216": 1,
        "217": 4,
        "218": 4,
        "219": 5,
        "22": 0,
        "220": 4,
        "221": 4,
        "222": 5,
        "223": 0,
        "224": 6,
        "225": 5,
        "226": 6,
        "227": 4,
        "228": 0,
        "229": 5,
        "23": 1,
        "230": 4,
        "231": 4,
        "232": 6,
        "233": 7,
        "234": 3,
        "235": 4,
        "236": 0,
        "237": 5,
        "238": 6,
        "239": 4,
        "24": 6,
        "240": 0,
        "241": 4,
        "242": 5,
        "243": 5,
        "244": 5,
        "245": 3,
        "246": 6,
        "247": 7,
        "248": 4,
        "249": 5,
        "25": 1,
        "250": 1,
        "251": 3,
        "252": 4,
        "253": 7,
        "254": 4,
        "255": 6,
        "256": 1,
        "257": 7,
        "258": 4,
        "259": 6,
        "26": 2,
        "260": 1,
        "261": 7,
        "27": 4,
        "28": 2,
        "29": 0,
        "3": 2,
        "30": 1,
        "31": 1,
        "32": 1,
        "33": 4,
        "34": 3,
        "35": 2,
        "36": 1,
        "37": 6,
        "38": 6,
        "39": 4,
        "4": 3,
        "40": 1,
        "41": 1,
        "42": 0,
        "43": 4,
        "44": 1,
        "45": 2,
        "46": 4,
        "47": 3,
        "48": 1,
        "49": 2,
        "5": 1,
        "50": 6,
        "51": 2,
        "52": 1,
        "53": 1,
        "54": 3,
        "55": 1,
        "56": 2,
        "57": 4,
        "58": 1,
        "59": 2,
        "6": 0,
        "60": 3,
        "61": 3,
        "62": 3,
        "63": 4,
        "64": 2,
        "65": 3,
        "66": 2,
        "67": 4,
        "68": 2,
        "69": 3,
        "7": 2,
        "70": 3,
        "71": 3,
        "72": 3,
        "73": 6,
        "74": 1,
        "75": 2,
        "76": 3,
        "77": 4,
        "78": 3,
        "79": 1,
        "8": 1,
        "80": 6,
        "81": 3,
        "82": 6,
        "83": 1,
        "84": 4,
        "85": 0,
        "86": 3,
        "87": 1,
        "88": 1,
        "89": 1,
        "9": 6,
        "90": 2,
        "91": 1,
        "92": 1,
        "93": 3,
        "94": 2,
        "95": 1,
        "96": 2,
        "97": 4,
        "98": 3,
        "99": 1
    },
    "2": {
        "0": 0,
        "1": 1,
        "10": 1,
        "100": 1,
        "101": 0,
        "102": 2,
        "103": 3,
        "104": 1,
        "105": 3,
        "106": 1,
        "107": 3,
        "108": 4,
        "109": 3,
        "11": 0,
        "110": 4,
        "111": 2,
        "112": 1,
        "113": 5,
        "114": 0,
        "115": 5,
        "116": 0,
        "117": 0,
        "118": 3,
        "119": 3,
        "12": 2,
        "120": 4,
        "121": 2,
        "122": 1,
        "123": 4,
        "124": 3,
        "125": 1,
        "126": 2,
        "127": 2,
        "128": 1,
        "129": 4,
        "13": 6,
        "130": 1,
        "131": 1,
        "132": 2,
        "133": 1,
        "134": 2,
        "135": 3,
        "136": 1,
        "137": 2,
        "138": 1,
        "139": 1,
        "14": 4,
        "140": 2,
        "141": 3,
        "142": 3,
        "143": 3,
        "144": 5,
        "145": 1,
        "146": 0,
        "147": 3,
        "148": 4,
        "149": 1,
        "15": 1,
        "150": 1,
        "151": 1,
        "152": 4,
        "153": 3,
        "154": 0,
        "155": 1,
        "156": 3,
        "157": 5,
        "158": 3,
        "159": 3,
        "16": 1,
        "160": 1,
        "161": 4,
        "162": 3,
        "163": 5,
        "164": 4,
        "165": 1,
        "166": 5,
        "167": 4,
        "168": 1,
        "169": 1,
        "17": 6,
        "170": 4,
        "171": 6,
        "172": 4,
        "173": 1,
        "174": 3,
        "175": 3,
        "176": 4,
        "177": 3,
        "178": 1,
        "179": 3,
        "18": 2,
        "180": 1,
        "181": 2,
        "182": 4,
        "183": 1,
        "184": 5,
        "185": 3,
        "186": 6,
        "187": 3,
        "188": 1,
        "189": 3,
        "19": 1,
        "190": 4,
        "191": 3,
        "192": 4,
        "193": 3,
        "194": 1,
        "195": 3,
        "196": 0,
        "197": 3,
        "198": 3,
        "199": 6,
        "2": 3,
        "20": 1,
        "200": 4,
        "201": 2,
        "202": 3,
        "203": 4,
        "204": 1,
        "205": 5,
        "206": 4,
        "207": 5,
        "208": 3,
        "209": 3,
        "21": 2,
        "210": 3,
        "211": 4,
        "212": 3,
        "213": 3,
        "214": 1,
        "215": 3,
        "216": 1,
        "217": 3,
        "218": 3,
        "219": 3,
        "22": 4,
        "220": 3,
        "221": 3,
        "222": 5,
        "223": 0,
        "224": 6,
        "225": 5,
        "226": 6,
        "227": 3,
        "228": 0,
        "229": 5,
        "23": 1,
        "230": 3,
        "231": 3,
        "232": 6,
        "233": 7,
        "234": 3,
        "235": 3,
        "236": 0,
        "237": 7,
        "238": 6,
        "239": 3,
        "24": 6,
        "240": 0,
        "241": 3,
        "242": 5,
        "243": 5,
        "244": 3,
        "245": 3,
        "246": 6,
        "247": 7,
        "248": 3,
        "249": 3,
        "25": 1,
        "250": 1,
        "251": 3,
        "252": 1,
        "253": 7,
        "254": 3,
        "255": 6,
        "256": 1,
        "257": 7,
        "258": 3,
        "259": 6,
        "26": 2,
        "260": 1,
        "261": 7,
        "27": 3,
        "28": 2,
        "29": 0,
        "3": 2,
        "30": 1,
        "31": 1,
        "32": 1,
        "33": 3,
        "34": 4,
        "35": 2,
        "36": 1,
        "37": 6,
        "38": 6,
        "39": 3,
        "4": 4,
        "40": 1,
        "41": 1,
        "42": 0,
        "43": 3,
        "44": 1,
        "45": 2,
        "46": 3,
        "47": 4,
        "48": 1,
        "49": 2,
        "5": 1,
        "50": 6,
        "51": 2,
        "52": 1,
        "53": 1,
        "54": 4,
        "55": 1,
        "56": 2,
        "57": 3,
        "58": 1,
        "59": 2,
        "6": 0,
        "60": 4,
        "61": 4,
        "62": 4,
        "63": 3,
        "64": 2,
        "65": 4,
        "66": 2,
        "67": 3,
        "68": 2,
        "69": 4,
        "7": 2,
        "70": 1,
        "71": 4,
        "72": 4,
        "73": 6,
        "74": 3,
        "75": 2,
        "76": 3,
        "77": 3,
        "78": 4,
        "79": 1,
        "8": 1,
        "80": 6,
        "81": 4,
        "82": 6,
        "83": 1,
        "84": 3,
        "85": 0,
        "86": 4,
        "87": 1,
        "88": 1,
        "89": 1,
        "9": 6,
        "90": 2,
        "91": 1,
        "92": 1,
        "93": 4,
        "94": 2,
        "95": 1,
        "96": 2,
        "97": 3,
        "98": 4,
        "99": 1
    },
    "3": {
        "0": 0,
        "1": 1,
        "10": 1,
        "100": 1,
        "101": 0,
        "102": 2,
        "103": 3,
        "104": 1,
        "105": 3,
        "106": 1,
        "107": 3,
        "108": 4,
        "109": 3,
        "11": 0,
        "110": 4,
        "111": 2,
        "112": 1,
        "113": 5,
        "114": 5,
        "115": 5,
        "116": 0,
        "117": 0,
        "118": 1,
        "119": 3,
        "12": 2,
        "120": 4,
        "121": 2,
        "122": 1,
        "123": 4,
        "124": 3,
        "125": 1,
        "126": 2,
        "127": 2,
        "128": 1,
        "129": 4,
        "13": 6,
        "130": 1,
        "131": 1,
        "132": 2,
        "133": 1,
        "134": 2,
        "135": 3,
        "136": 1,
        "137": 2,
        "138": 1,
        "139": 1,
        "14": 4,
        "140": 2,
        "141": 3,
        "142": 4,
        "143": 3,
        "144": 5,
        "145": 1,
        "146": 0,
        "147": 3,
        "148": 4,
        "149": 1,
        "15": 1,
        "150": 1,
        "151": 1,
        "152": 4,
        "153": 3,
        "154": 0,
        "155": 1,
        "156": 1,
        "157": 5,
        "158": 3,
        "159": 3,
        "16": 1,
        "160": 1,
        "161": 4,
        "162": 3,
        "163": 5,
        "164": 4,
        "165": 1,
        "166": 5,
        "167": 4,
        "168": 1,
        "169": 1,
        "17": 6,
        "170": 3,
        "171": 6,
        "172": 4,
        "173": 1,
        "174": 3,
        "175": 3,
        "176": 4,
        "177": 3,
        "178": 1,
        "179": 3,
        "18": 2,
        "180": 1,
        "181": 2,
        "182": 4,
        "183": 1,
        "184": 5,
        "185": 3,
        "186": 6,
        "187": 3,
        "188": 1,
        "189": 3,
        "19": 1,
        "190": 4,
        "191": 3,
        "192": 4,
        "193": 3,
        "194": 1,
        "195": 3,
        "196": 0,
        "197": 3,
        "198": 3,
        "199": 6,
        "2": 3,
        "20": 1,
        "200": 4,
        "201": 2,
        "202": 3,
        "203": 4,
        "204": 1,
        "205": 5,
        "206": 4,
        "207": 5,
        "208": 1,
        "209": 3,
        "21": 2,
        "210": 3,
        "211": 4,
        "212": 3,
        "213": 3,
        "214": 1,
        "215": 3,
        "216": 1,
        "217": 3,
        "218": 3,
        "219": 3,
        "22": 0,
        "220": 3,
        "221": 3,
        "222": 5,
        "223": 0,
        "224": 6,
        "225": 7,
        "226": 6,
        "227": 3,
        "228": 0,
        "229": 5,
        "23": 1,
        "230": 3,
        "231": 3,
        "232": 6,
        "233": 7,
        "234": 3,
        "235": 3,
        "236": 0,
        "237": 7,
        "238": 6,
        "239": 3,
        "24": 6,
        "240": 0,
        "241": 3,
        "242": 5,
        "243": 5,
        "244": 3,
        "245": 1,
        "246": 6,
        "247": 7,
        "248": 3,
        "249": 5,
        "25": 1,
        "250": 1,
        "251": 3,
        "252": 1,
        "253": 7,
        "254": 3,
        "255": 6,
        "256": 1,
        "257": 7,
        "258": 3,
        "259": 6,
        "26": 2,
        "260": 1,
        "261": 7,
        "27": 3,
        "28": 2,
        "29": 0,
        "3": 2,
        "30": 1,
        "31": 1,
        "32": 1,
        "33": 3,
        "34": 4,
        "35": 2,
        "36": 1,
        "37": 6,
        "38": 6,
        "39": 3,
        "4": 4,
        "40": 1,
        "41": 1,
        "42": 0,
        "43": 3,
        "44": 1,
        "45": 2,
        "46": 3,
        "47": 0,
        "48": 1,
        "49": 2,
        "5": 1,
        "50": 6,
        "51": 2,
        "52": 1,
        "53": 1,
        "54": 4,
        "55": 1,
        "56": 2,
        "57": 3,
        "58": 1,
        "59": 2,
        "6": 0,
        "60": 4,
        "61": 4,
        "62": 4,
        "63": 3,
        "64": 2,
        "65": 4,
        "66": 2,
        "67": 3,
        "68": 2,
        "69": 4,
        "7": 2,
        "70": 1,
        "71": 4,
        "72": 4,
        "73": 6,
        "74": 3,
        "75": 1,
        "76": 3,
        "77": 3,
        "78": 4,
        "79": 3,
        "8": 1,
        "80": 3,
        "81": 4,
        "82": 6,
        "83": 1,
        "84": 3,
        "85": 0,
        "86": 4,
        "87": 1,
        "88": 1,
        "89": 1,
        "9": 6,
        "90": 2,
        "91": 1,
        "92": 1,
        "93": 3,
        "94": 2,
        "95": 1,
        "96": 2,
        "97": 3,
        "98": 4,
        "99": 1
    },
    "4": {
        "0": 0,
        "1": 1,
        "10": 1,
        "100": 1,
        "101": 0,
        "102": 2,
        "103": 3,
        "104": 1,
        "105": 3,
        "106": 1,
        "107": 3,
        "108": 4,
        "109": 3,
        "11": 0,
        "110": 4,
        "111": 2,
        "112": 1,
        "113": 5,
        "114": 6,
        "115": 5,
        "116": 0,
        "117": 0,
        "118": 1,
        "119": 3,
        "12": 2,
        "120": 4,
        "121": 2,
        "122": 1,
        "123": 4,
        "124": 3,
        "125": 1,
        "126": 2,
        "127": 2,
        "128": 1,
        "129": 4,
        "13": 6,
        "130": 1,
        "131": 1,
        "132": 2,
        "133": 1,
        "134": 2,
        "135": 3,
        "136": 1,
        "137": 2,
        "138": 1,
        "139": 1,
        "14": 0,
        "140": 2,
        "141": 3,
        "142": 4,
        "143": 3,
        "144": 5,
        "145": 1,
        "146": 0,
        "147": 3,
        "148": 4,
        "149": 1,
        "15": 1,
        "150": 1,
        "151": 1,
        "152": 4,
        "153": 3,
        "154": 0,
        "155": 1,
        "156": 1,
        "157": 5,
        "158": 3,
        "159": 3,
        "16": 1,
        "160": 1,
        "161": 4,
        "162": 4,
        "163": 5,
        "164": 4,
        "165": 1,
        "166": 5,
        "167": 4,
        "168": 1,
        "169": 1,
        "17": 6,
        "170": 3,
        "171": 6,
        "172": 4,
        "173": 1,
        "174": 3,
        "175": 3,
        "176": 4,
        "177": 3,
        "178": 1,
        "179": 3,
        "18": 2,
        "180": 1,
        "181": 2,
        "182": 4,
        "183": 1,
        "184": 5,
        "185": 3,
        "186": 6,
        "187": 3,
        "188": 1,
        "189": 3,
        "19": 1,
        "190": 4,
        "191": 3,
        "192": 4,
        "193": 3,
        "194": 1,
        "195": 3,
        "196": 0,
        "197": 3,
        "198": 3,
        "199": 6,
        "2": 3,
        "20": 1,
        "200": 4,
        "201": 2,
        "202": 4,
        "203": 4,
        "204": 1,
        "205": 5,
        "206": 4,
        "207": 5,
        "208": 1,
        "209": 3,
        "21": 2,
        "210": 3,
        "211": 4,
        "212": 3,
        "213": 3,
        "214": 1,
        "215": 3,
        "216": 1,
        "217": 3,
        "218": 3,
        "219": 3,
        "22": 0,
        "220": 3,
        "221": 3,
        "222": 5,
        "223": 0,
        "224": 6,
        "225": 7,
        "226": 6,
        "227": 3,
        "228": 0,
        "229": 5,
        "23": 1,
        "230": 3,
        "231": 3,
        "232": 6,
        "233": 7,
        "234": 3,
        "235": 3,
        "236": 0,
        "237": 7,
        "238": 6,
        "239": 3,
        "24": 6,
        "240": 0,
        "241": 3,
        "242": 5,
        "243": 5,
        "244": 3,
        "245": 1,
        "246": 1,
        "247": 7,
        "248": 3,
        "249": 5,
        "25": 1,
        "250": 1,
        "251": 3,
        "252": 1,
        "253": 7,
        "254": 3,
        "255": 6,
        "256": 1,
        "257": 7,
        "258": 3,
        "259": 6,
        "26": 2,
        "260": 1,
        "261": 7,
        "27": 3,
        "28": 2,
        "29": 0,
        "3": 2,
        "30": 1,
        "31": 1,
        "32": 1,
        "33": 3,
        "34": 0,
        "35": 2,
        "36": 1,
        "37": 6,
        "38": 6,
        "39": 3,
        "4": 0,
        "40": 1,
        "41": 1,
        "42": 0,
        "43": 3,
        "44": 1,
        "45": 2,
        "46": 3,
        "47": 0,
        "48": 1,
        "49": 2,
        "5": 1,
        "50": 6,
        "51": 2,
        "52": 1,
        "53": 1,
        "54": 0,
        "55": 1,
        "56": 2,
        "57": 3,
        "58": 1,
        "59": 2,
        "6": 0,
        "60": 4,
        "61": 4,
        "62": 4,
        "63": 3,
        "64": 2,
        "65": 3,
        "66": 4,
        "67": 3,
        "68": 2,
        "69": 4,
        "7": 2,
        "70": 1,
        "71": 4,
        "72": 4,
        "73": 6,
        "74": 3,
        "75": 1,
        "76": 3,
        "77": 3,
        "78": 4,
        "79": 3,
        "8": 1,
        "80": 3,
        "81": 4,
        "82": 6,
        "83": 1,
        "84": 3,
        "85": 0,
        "86": 4,
        "87": 1,
        "88": 1,
        "89": 1,
        "9": 6,
        "90": 2,
        "91": 1,
        "92": 1,
        "93": 3,
        "94": 2,
        "95": 1,
        "96": 2,
        "97": 3,
        "98": 4,
        "99": 1
    },
    "5": {
        "0": 0,
        "1": 1,
        "10": 1,
        "100": 1,
        "101": 0,
        "102": 2,
        "103": 3,
        "104": 1,
        "105": 3,
        "106": 1,
        "107": 3,
        "108": 4,
        "109": 3,
        "11": 0,
        "110": 4,
        "111": 2,
        "112": 1,
        "113": 5,
        "114": 6,
        "115": 5,
        "116": 0,
        "117": 0,
        "118": 1,
        "119": 3,
        "12": 2,
        "120": 4,
        "121": 2,
        "122": 1,
        "123": 4,
        "124": 3,
        "125": 1,
        "126": 2,
        "127": 2,
        "128": 1,
        "129": 4,
        "13": 6,
        "130": 1,
        "131": 1,
        "132": 2,
        "133": 1,
        "134": 2,
        "135": 3,
        "136": 1,
        "137": 2,
        "138": 1,
        "139": 1,
        "14": 0,
        "140": 2,
        "141": 3,
        "142": 4,
        "143": 3,
        "144": 5,
        "145": 1,
        "146": 0,
        "147": 3,
        "148": 4,
        "149": 1,
        "15": 1,
        "150": 1,
        "151": 1,
        "152": 1,
        "153": 3,
        "154": 0,
        "155": 1,
        "156": 1,
        "157": 5,
        "158": 4,
        "159": 3,
        "16": 1,
        "160": 1,
        "161": 4,
        "162": 4,
        "163": 5,
        "164": 4,
        "165": 1,
        "166": 5,
        "167": 4,
        "168": 6,
        "169": 1,
        "17": 6,
        "170": 3,
        "171": 6,
        "172": 4,
        "173": 1,
        "174": 3,
        "175": 3,
        "176": 4,
        "177": 3,
        "178": 1,
        "179": 3,
        "18": 2,
        "180": 1,
        "181": 2,
        "182": 4,
        "183": 1,
        "184": 5,
        "185": 3,
        "186": 6,
        "187": 3,
        "188": 1,
        "189": 5,
        "19": 1,
        "190": 4,
        "191": 3,
        "192": 4,
        "193": 5,
        "194": 1,
        "195": 3,
        "196": 0,
        "197": 3,
        "198": 3,
        "199": 6,
        "2": 3,
        "20": 1,
        "200": 4,
        "201": 2,
        "202": 4,
        "203": 4,
        "204": 1,
        "205": 5,
        "206": 4,
        "207": 5,
        "208": 1,
        "209": 3,
        "21": 2,
        "210": 3,
        "211": 4,
        "212": 3,
        "213": 5,
        "214": 1,
        "215": 3,
        "216": 1,
        "217": 3,
        "218": 5,
        "219": 3,
        "22": 0,
        "220": 3,
        "221": 3,
        "222": 5,
        "223": 0,
        "224": 6,
        "225": 7,
        "226": 6,
        "227": 3,
        "228": 0,
        "229": 5,
        "23": 1,
        "230": 3,
        "231": 3,
        "232": 6,
        "233": 7,
        "234": 3,
        "235": 3,
        "236": 0,
        "237": 7,
        "238": 6,
        "239": 3,
        "24": 6,
        "240": 0,
        "241": 3,
        "242": 5,
        "243": 5,
        "244": 3,
        "245": 1,
        "246": 3,
        "247": 7,
        "248": 3,
        "249": 5,
        "25": 1,
        "250": 1,
        "251": 3,
        "252": 1,
        "253": 7,
        "254": 3,
        "255": 6,
        "256": 1,
        "257": 7,
        "258": 3,
        "259": 6,
        "26": 2,
        "260": 1,
        "261": 7,
        "27": 3,
        "28": 2,
        "29": 0,
        "3": 2,
        "30": 1,
        "31": 4,
        "32": 1,
        "33": 3,
        "34": 0,
        "35": 2,
        "36": 1,
        "37": 6,
        "38": 6,
        "39": 3,
        "4": 0,
        "40": 4,
        "41": 1,
        "42": 0,
        "43": 3,
        "44": 1,
        "45": 2,
        "46": 3,
        "47": 0,
        "48": 1,
        "49": 2,
        "5": 1,
        "50": 6,
        "51": 2,
        "52": 1,
        "53": 1,
        "54": 0,
        "55": 1,
        "56": 2,
        "57": 3,
        "58": 1,
        "59": 2,
        "6": 0,
        "60": 4,
        "61": 4,
        "62": 1,
        "63": 3,
        "64": 2,
        "65": 4,
        "66": 1,
        "67": 3,
        "68": 2,
        "69": 1,
        "7": 2,
        "70": 4,
        "71": 4,
        "72": 4,
        "73": 6,
        "74": 3,
        "75": 1,
        "76": 5,
        "77": 3,
        "78": 1,
        "79": 3,
        "8": 1,
        "80": 3,
        "81": 4,
        "82": 6,
        "83": 1,
        "84": 3,
        "85": 0,
        "86": 4,
        "87": 1,
        "88": 1,
        "89": 1,
        "9": 6,
        "90": 2,
        "91": 1,
        "92": 1,
        "93": 3,
        "94": 2,
        "95": 1,
        "96": 2,
        "97": 3,
        "98": 4,
        "99": 1
    },
    "6": {
        "0": 0,
        "1": 1,
        "10": 1,
        "100": 2,
        "101": 3,
        "102": 4,
        "103": 3,
        "104": 2,
        "105": 4,
        "106": 2,
        "107": 4,
        "108": 3,
        "109": 4,
        "11": 5,
        "110": 6,
        "111": 4,
        "112": 2,
        "113": 7,
        "114": 7,
        "115": 7,
        "116": 0,
        "117": 0,
        "118": 2,
        "119": 4,
        "12": 7,
        "120": 3,
        "121": 4,
        "122": 2,
        "123": 6,
        "124": 4,
        "125": 2,
        "126": 4,
        "127": 4,
        "128": 2,
        "129": 6,
        "13": 2,
        "130": 2,
        "131": 1,
        "132": 4,
        "133": 2,
        "134": 4,
        "135": 4,
        "136": 2,
        "137": 4,
        "138": 1,
        "139": 2,
        "14": 3,
        "140": 4,
        "141": 4,
        "142": 3,
        "143": 6,
        "144": 7,
        "145": 7,
        "146": 5,
        "147": 6,
        "148": 3,
        "149": 2,
        "15": 4,
        "150": 1,
        "151": 2,
        "152": 2,
        "153": 5,
        "154": 5,
        "155": 1,
        "156": 6,
        "157": 4,
        "158": 6,
        "159": 7,
        "16": 1,
        "160": 2,
        "161": 6,
        "162": 3,
        "164": 4,
        "165": 5,
        "166": 4,
        "167": 3,
        "168": 0,
        "169": 1,
        "17": 5,
        "170": 6,
        "171": 0,
        "172": 3,
        "173": 2,
        "174": 0,
        "175": 5,
        "176": 5,
        "177": 7,
        "178": 1,
        "179": 5,
        "18": 4,
        "180": 3,
        "181": 3,
        "182": 3,
        "183": 1,
        "184": 7,
        "185": 4,
        "186": 0,
        "187": 5,
        "188": 1,
        "189": 4,
        "19": 2,
        "190": 6,
        "191": 6,
        "192": 1,
        "193": 1,
        "194": 1,
        "195": 7,
        "196": 5,
        "197": 5,
        "198": 4,
        "199": 0,
        "2": 6,
        "20": 1,
        "200": 3,
        "201": 7,
        "202": 3,
        "203": 6,
        "204": 1,
        "205": 7,
        "206": 7,
        "207": 4,
        "208": 5,
        "209": 4,
        "21": 3,
        "210": 4,
        "211": 6,
        "212": 4,
        "213": 4,
        "214": 1,
        "215": 4,
        "216": 5,
        "217": 4,
        "218": 4,
        "219": 7,
        "22": 3,
        "220": 5,
        "221": 6,
        "222": 5,
        "223": 3,
        "224": 0,
        "225": 4,
        "226": 0,
        "227": 4,
        "228": 5,
        "229": 6,
        "23": 1,
        "230": 5,
        "231": 5,
        "232": 0,
        "233": 4,
        "234": 7,
        "235": 4,
        "236": 5,
        "237": 4,
        "238": 0,
        "239": 4,
        "24": 0,
        "240": 0,
        "241": 7,
        "242": 1,
        "243": 5,
        "244": 7,
        "245": 5,
        "246": 5,
        "247": 5,
        "248": 4,
        "249": 5,
        "25": 2,
        "250": 1,
        "251": 4,
        "252": 1,
        "253": 4,
        "254": 4,
        "255": 5,
        "256": 1,
        "257": 5,
        "258": 5,
        "259": 5,
        "26": 4,
        "260": 1,
        "261": 5,
        "27": 4,
        "28": 7,
        "29": 5,
        "3": 6,
        "30": 1,
        "31": 6,
        "32": 2,
        "33": 4,
        "34": 3,
        "35": 4,
        "36": 1,
        "37": 2,
        "38": 0,
        "39": 4,
        "4": 3,
        "40": 6,
        "41": 2,
        "42": 3,
        "43": 4,
        "44": 2,
        "45": 4,
        "46": 4,
        "47": 3,
        "48": 2,
        "49": 4,
        "5": 1,
        "50": 4,
        "51": 4,
        "52": 2,
        "53": 1,
        "54": 3,
        "55": 2,
        "56": 7,
        "57": 4,
        "58": 2,
        "59": 4,
        "6": 5,
        "60": 3,
        "61": 3,
        "62": 2,
        "63": 4,
        "64": 7,
        "65": 6,
        "66": 2,
        "67": 6,
        "68": 7,
        "69": 2,
        "7": 4,
        "70": 6,
        "71": 3,
        "72": 3,
        "73": 6,
        "74": 4,
        "75": 2,
        "76": 6,
        "77": 4,
        "78": 2,
        "79": 4,
        "8": 2,
        "80": 7,
        "81": 0,
        "82": 2,
        "83": 1,
        "84": 4,
        "85": 5,
        "86": 3,
        "87": 1,
        "88": 1,
        "89": 1,
        "9": 0,
        "90": 4,
        "91": 1,
        "92": 2,
        "93": 7,
        "94": 7,
        "95": 2,
        "96": 4,
        "97": 4,
        "98": 3,
        "99": 1
    },
    "7": {
        "0": 0,
        "1": 1,
        "10": 1,
        "100": 2,
        "101": 3,
        "102": 3,
        "103": 4,
        "104": 2,
        "105": 3,
        "106": 3,
        "107": 3,
        "108": 4,
        "109": 3,
        "11": 5,
        "110": 6,
        "111": 3,
        "112": 2,
        "113": 7,
        "114": 7,
        "115": 7,
        "116": 0,
        "117": 0,
        "118": 2,
        "119": 3,
        "12": 7,
        "120": 4,
        "121": 3,
        "122": 2,
        "123": 6,
        "124": 3,
        "125": 2,
        "126": 3,
        "127": 3,
        "128": 2,
        "129": 6,
        "13": 2,
        "130": 2,
        "131": 1,
        "132": 3,
        "133": 2,
        "134": 3,
        "135": 3,
        "136": 2,
        "137": 3,
        "138": 1,
        "139": 2,
        "14": 3,
        "140": 3,
        "141": 3,
        "142": 4,
        "143": 6,
        "144": 7,
        "145": 7,
        "146": 5,
        "147": 6,
        "148": 4,
        "149": 2,
        "15": 3,
        "150": 1,
        "151": 3,
        "152": 2,
        "153": 5,
        "154": 5,
        "155": 1,
        "156": 6,
        "157": 3,
        "158": 6,
        "159": 7,
        "16": 1,
        "160": 2,
        "161": 6,
        "162": 4,
        "164": 3,
        "165": 3,
        "166": 3,
        "167": 4,
        "168": 0,
        "169": 1,
        "17": 5,
        "170": 6,
        "171": 0,
        "172": 4,
        "173": 2,
        "174": 0,
        "175": 5,
        "176": 5,
        "177": 7,
        "178": 1,
        "179": 5,
        "18": 3,
        "180": 4,
        "181": 4,
        "182": 6,
        "183": 1,
        "184": 7,
        "185": 3,
        "186": 0,
        "187": 1,
        "188": 1,
        "189": 3,
        "19": 2,
        "190": 4,
        "191": 6,
        "192": 1,
        "193": 1,
        "194": 1,
        "195": 7,
        "196": 5,
        "197": 5,
        "198": 3,
        "199": 0,
        "2": 6,
        "20": 1,
        "200": 4,
        "201": 7,
        "202": 4,
        "203": 6,
        "204": 1,
        "205": 7,
        "206": 7,
        "207": 3,
        "208": 5,
        "209": 1,
        "21": 4,
        "210": 3,
        "211": 6,
        "212": 3,
        "213": 3,
        "214": 1,
        "215": 3,
        "216": 5,
        "217": 3,
        "218": 3,
        "219": 7,
        "22": 3,
        "220": 5,
        "221": 6,
        "222": 1,
        "223": 5,
        "224": 0,
        "225": 3,
        "226": 0,
        "227": 3,
        "228": 5,
        "229": 6,
        "23": 1,
        "230": 5,
        "231": 5,
        "232": 0,
        "233": 3,
        "234": 7,
        "235": 3,
        "236": 5,
        "237": 3,
        "238": 0,
        "239": 3,
        "24": 0,
        "240": 0,
        "241": 7,
        "242": 1,
        "243": 5,
        "244": 7,
        "245": 5,
        "246": 5,
        "247": 5,
        "248": 3,
        "249": 5,
        "25": 2,
        "250": 1,
        "251": 3,
        "252": 1,
        "253": 3,
        "254": 3,
        "255": 5,
        "256": 1,
        "257": 5,
        "258": 5,
        "259": 5,
        "26": 3,
        "260": 1,
        "261": 5,
        "27": 3,
        "28": 7,
        "29": 5,
        "3": 6,
        "30": 1,
        "31": 6,
        "32": 2,
        "33": 3,
        "34": 3,
        "35": 3,
        "36": 1,
        "37": 2,
        "38": 0,
        "39": 3,
        "4": 3,
        "40": 6,
        "41": 2,
        "42": 3,
        "43": 3,
        "44": 3,
        "45": 3,
        "46": 3,
        "47": 3,
        "48": 2,
        "49": 3,
        "5": 1,
        "50": 3,
        "51": 3,
        "52": 2,
        "53": 1,
        "54": 3,
        "55": 2,
        "56": 7,
        "57": 3,
        "58": 2,
        "59": 3,
        "6": 5,
        "60": 4,
        "61": 4,
        "62": 2,
        "63": 3,
        "64": 7,
        "65": 6,
        "66": 2,
        "67": 6,
        "68": 7,
        "69": 2,
        "7": 3,
        "70": 6,
        "71": 4,
        "72": 4,
        "73": 6,
        "74": 7,
        "75": 2,
        "76": 6,
        "77": 7,
        "78": 2,
        "79": 7,
        "8": 2,
        "80": 7,
        "81": 0,
        "82": 2,
        "83": 1,
        "84": 7,
        "85": 3,
        "86": 4,
        "87": 1,
        "88": 1,
        "89": 1,
        "9": 0,
        "90": 3,
        "91": 1,
        "92": 2,
        "93": 7,
        "94": 7,
        "95": 3,
        "96": 3,
        "97": 3,
        "98": 4,
        "99": 1
    }
}