{
    "0": {
        "MUST_LINK": [
            "0"
        ],
        "CANNOT_LINK": [],
        "COMPONENT": 0
    },
    "1": {
        "MUST_LINK": [
            "1"
        ],
        "CANNOT_LINK": [],
        "COMPONENT": 1
    },
    "2": {
        "MUST_LINK": [
            "2"
        ],
        "CANNOT_LINK": [],
        "COMPONENT": 2
    },
    "3": {
        "MUST_LINK": [
            "3"
        ],
        "CANNOT_LINK": [
            "75",
            "118"
        ],
        "COMPONENT": 3
    },
    "4": {
        "MUST_LINK": [
            "14",
            "4",
            "34",
            "101",
            "22",
            "47",
            "42",
            "54",
            "85"
        ],
        "CANNOT_LINK": [
            "170",
            "161",
            "153",
            "81"
        ],
        "COMPONENT": 4
    },
    "5": {
        "MUST_LINK": [
            "5"
        ],
        "CANNOT_LINK": [],
        "COMPONENT": 5
    },
    "6": {
        "MUST_LINK": [
            "228",
            "6"
        ],
        "CANNOT_LINK": [],
        "COMPONENT": 6
    },
    "7": {
        "MUST_LINK": [
            "7"
        ],
        "CANNOT_LINK": [],
        "COMPONENT": 7
    },
    "8": {
        "MUST_LINK": [
            "8"
        ],
        "CANNOT_LINK": [],
        "COMPONENT": 8
    },
    "9": {
        "MUST_LINK": [
            "9"
        ],
        "CANNOT_LINK": [],
        "COMPONENT": 9
    },
    "10": {
        "MUST_LINK": [
            "10"
        ],
        "CANNOT_LINK": [],
        "COMPONENT": 10
    },
    "11": {
        "MUST_LINK": [
            "11"
        ],
        "CANNOT_LINK": [],
        "COMPONENT": 11
    },
    "12": {
        "MUST_LINK": [
            "12"
        ],
        "CANNOT_LINK": [],
        "COMPONENT": 12
    },
    "13": {
        "MUST_LINK": [
            "13"
        ],
        "CANNOT_LINK": [],
        "COMPONENT": 13
    },
    "14": {
        "MUST_LINK": [
            "14",
            "4",
            "34",
            "101",
            "22",
            "47",
            "42",
            "54",
            "85"
        ],
        "CANNOT_LINK": [
            "170",
            "161",
            "153",
            "81"
        ],
        "COMPONENT": 4
    },
    "15": {
        "MUST_LINK": [
            "106",
            "15",
            "217",
            "39",
            "95",
            "44"
        ],
        "CANNOT_LINK": [],
        "COMPONENT": 14
    },
    "16": {
        "MUST_LINK": [
            "16"
        ],
        "CANNOT_LINK": [],
        "COMPONENT": 15
    },
    "17": {
        "MUST_LINK": [
            "17"
        ],
        "CANNOT_LINK": [
            "232"
        ],
        "COMPONENT": 16
    },
    "18": {
        "MUST_LINK": [
            "18"
        ],
        "CANNOT_LINK": [],
        "COMPONENT": 17
    },
    "19": {
        "MUST_LINK": [
            "19"
        ],
        "CANNOT_LINK": [],
        "COMPONENT": 18
    },
    "20": {
        "MUST_LINK": [
            "20"
        ],
        "CANNOT_LINK": [],
        "COMPONENT": 19
    },
    "21": {
        "MUST_LINK": [
            "181",
            "21"
        ],
        "CANNOT_LINK": [],
        "COMPONENT": 20
    },
    "22": {
        "MUST_LINK": [
            "14",
            "4",
            "34",
            "101",
            "22",
            "47",
            "42",
            "54",
            "85"
        ],
        "CANNOT_LINK": [
            "170",
            "161",
            "153",
            "81"
        ],
        "COMPONENT": 4
    },
    "23": {
        "MUST_LINK": [
            "23"
        ],
        "CANNOT_LINK": [],
        "COMPONENT": 21
    },
    "24": {
        "MUST_LINK": [
            "24"
        ],
        "CANNOT_LINK": [],
        "COMPONENT": 22
    },
    "25": {
        "MUST_LINK": [
            "25"
        ],
        "CANNOT_LINK": [],
        "COMPONENT": 23
    },
    "26": {
        "MUST_LINK": [
            "26"
        ],
        "CANNOT_LINK": [],
        "COMPONENT": 24
    },
    "27": {
        "MUST_LINK": [
            "27"
        ],
        "CANNOT_LINK": [],
        "COMPONENT": 25
    },
    "28": {
        "MUST_LINK": [
            "28"
        ],
        "CANNOT_LINK": [],
        "COMPONENT": 26
    },
    "29": {
        "MUST_LINK": [
            "29"
        ],
        "CANNOT_LINK": [
            "227"
        ],
        "COMPONENT": 27
    },
    "30": {
        "MUST_LINK": [
            "30"
        ],
        "CANNOT_LINK": [],
        "COMPONENT": 28
    },
    "31": {
        "MUST_LINK": [
            "110",
            "31",
            "40"
        ],
        "CANNOT_LINK": [],
        "COMPONENT": 29
    },
    "32": {
        "MUST_LINK": [
            "32"
        ],
        "CANNOT_LINK": [],
        "COMPONENT": 30
    },
    "33": {
        "MUST_LINK": [
            "33"
        ],
        "CANNOT_LINK": [],
        "COMPONENT": 31
    },
    "34": {
        "MUST_LINK": [
            "14",
            "4",
            "34",
            "101",
            "22",
            "47",
            "42",
            "54",
            "85"
        ],
        "CANNOT_LINK": [
            "170",
            "161",
            "153",
            "81"
        ],
        "COMPONENT": 4
    },
    "35": {
        "MUST_LINK": [
            "35"
        ],
        "CANNOT_LINK": [],
        "COMPONENT": 32
    },
    "36": {
        "MUST_LINK": [
            "36"
        ],
        "CANNOT_LINK": [],
        "COMPONENT": 33
    },
    "37": {
        "MUST_LINK": [
            "37"
        ],
        "CANNOT_LINK": [],
        "COMPONENT": 34
    },
    "38": {
        "MUST_LINK": [
            "38"
        ],
        "CANNOT_LINK": [
            "155",
            "183",
            "204",
            "192"
        ],
        "COMPONENT": 35
    },
    "39": {
        "MUST_LINK": [
            "106",
            "15",
            "217",
            "39",
            "95",
            "44"
        ],
        "CANNOT_LINK": [],
        "COMPONENT": 14
    },
    "40": {
        "MUST_LINK": [
            "110",
            "31",
            "40"
        ],
        "CANNOT_LINK": [],
        "COMPONENT": 29
    },
    "41": {
        "MUST_LINK": [
            "41"
        ],
        "CANNOT_LINK": [],
        "COMPONENT": 36
    },
    "42": {
        "MUST_LINK": [
            "14",
            "4",
            "34",
            "101",
            "22",
            "47",
            "42",
            "54",
            "85"
        ],
        "CANNOT_LINK": [
            "170",
            "161",
            "153",
            "81"
        ],
        "COMPONENT": 4
    },
    "43": {
        "MUST_LINK": [
            "43"
        ],
        "CANNOT_LINK": [],
        "COMPONENT": 37
    },
    "44": {
        "MUST_LINK": [
            "106",
            "15",
            "217",
            "39",
            "95",
            "44"
        ],
        "CANNOT_LINK": [],
        "COMPONENT": 14
    },
    "45": {
        "MUST_LINK": [
            "45"
        ],
        "CANNOT_LINK": [],
        "COMPONENT": 38
    },
    "46": {
        "MUST_LINK": [
            "46"
        ],
        "CANNOT_LINK": [],
        "COMPONENT": 39
    },
    "47": {
        "MUST_LINK": [
            "14",
            "4",
            "34",
            "101",
            "22",
            "47",
            "42",
            "54",
            "85"
        ],
        "CANNOT_LINK": [
            "170",
            "161",
            "153",
            "81"
        ],
        "COMPONENT": 4
    },
    "48": {
        "MUST_LINK": [
            "48"
        ],
        "CANNOT_LINK": [],
        "COMPONENT": 40
    },
    "49": {
        "MUST_LINK": [
            "49"
        ],
        "CANNOT_LINK": [
            "178",
            "246",
            "179",
            "258"
        ],
        "COMPONENT": 41
    },
    "50": {
        "MUST_LINK": [
            "50"
        ],
        "CANNOT_LINK": [
            "232"
        ],
        "COMPONENT": 42
    },
    "51": {
        "MUST_LINK": [
            "51"
        ],
        "CANNOT_LINK": [],
        "COMPONENT": 43
    },
    "52": {
        "MUST_LINK": [
            "52"
        ],
        "CANNOT_LINK": [],
        "COMPONENT": 44
    },
    "53": {
        "MUST_LINK": [
            "53"
        ],
        "CANNOT_LINK": [],
        "COMPONENT": 45
    },
    "54": {
        "MUST_LINK": [
            "14",
            "4",
            "34",
            "101",
            "22",
            "47",
            "42",
            "54",
            "85"
        ],
        "CANNOT_LINK": [
            "170",
            "161",
            "153",
            "81"
        ],
        "COMPONENT": 4
    },
    "55": {
        "MUST_LINK": [
            "55"
        ],
        "CANNOT_LINK": [],
        "COMPONENT": 46
    },
    "56": {
        "MUST_LINK": [
            "56"
        ],
        "CANNOT_LINK": [],
        "COMPONENT": 47
    },
    "57": {
        "MUST_LINK": [
            "57"
        ],
        "CANNOT_LINK": [],
        "COMPONENT": 48
    },
    "58": {
        "MUST_LINK": [
            "58"
        ],
        "CANNOT_LINK": [],
        "COMPONENT": 49
    },
    "59": {
        "MUST_LINK": [
            "59"
        ],
        "CANNOT_LINK": [],
        "COMPONENT": 50
    },
    "60": {
        "MUST_LINK": [
            "60"
        ],
        "CANNOT_LINK": [],
        "COMPONENT": 51
    },
    "61": {
        "MUST_LINK": [
            "61"
        ],
        "CANNOT_LINK": [],
        "COMPONENT": 52
    },
    "62": {
        "MUST_LINK": [
            "62"
        ],
        "CANNOT_LINK": [],
        "COMPONENT": 53
    },
    "63": {
        "MUST_LINK": [
            "63"
        ],
        "CANNOT_LINK": [],
        "COMPONENT": 54
    },
    "64": {
        "MUST_LINK": [
            "64"
        ],
        "CANNOT_LINK": [
            "165"
        ],
        "COMPONENT": 55
    },
    "65": {
        "MUST_LINK": [
            "211",
            "65",
            "70"
        ],
        "CANNOT_LINK": [
            "66",
            "69"
        ],
        "COMPONENT": 56
    },
    "66": {
        "MUST_LINK": [
            "66",
            "69"
        ],
        "CANNOT_LINK": [
            "65",
            "70",
            "211"
        ],
        "COMPONENT": 57
    },
    "67": {
        "MUST_LINK": [
            "67"
        ],
        "CANNOT_LINK": [],
        "COMPONENT": 58
    },
    "68": {
        "MUST_LINK": [
            "68"
        ],
        "CANNOT_LINK": [],
        "COMPONENT": 59
    },
    "69": {
        "MUST_LINK": [
            "66",
            "69"
        ],
        "CANNOT_LINK": [
            "65",
            "70",
            "211"
        ],
        "COMPONENT": 57
    },
    "70": {
        "MUST_LINK": [
            "211",
            "65",
            "70"
        ],
        "CANNOT_LINK": [
            "66",
            "69"
        ],
        "COMPONENT": 56
    },
    "71": {
        "MUST_LINK": [
            "71"
        ],
        "CANNOT_LINK": [],
        "COMPONENT": 60
    },
    "72": {
        "MUST_LINK": [
            "72"
        ],
        "CANNOT_LINK": [],
        "COMPONENT": 61
    },
    "73": {
        "MUST_LINK": [
            "73"
        ],
        "CANNOT_LINK": [
            "75",
            "118"
        ],
        "COMPONENT": 62
    },
    "74": {
        "MUST_LINK": [
            "74",
            "84",
            "79"
        ],
        "CANNOT_LINK": [],
        "COMPONENT": 63
    },
    "75": {
        "MUST_LINK": [
            "118",
            "75"
        ],
        "CANNOT_LINK": [
            "73",
            "3"
        ],
        "COMPONENT": 64
    },
    "76": {
        "MUST_LINK": [
            "76"
        ],
        "CANNOT_LINK": [],
        "COMPONENT": 65
    },
    "77": {
        "MUST_LINK": [
            "77"
        ],
        "CANNOT_LINK": [],
        "COMPONENT": 66
    },
    "78": {
        "MUST_LINK": [
            "78"
        ],
        "CANNOT_LINK": [],
        "COMPONENT": 67
    },
    "79": {
        "MUST_LINK": [
            "74",
            "84",
            "79"
        ],
        "CANNOT_LINK": [],
        "COMPONENT": 63
    },
    "80": {
        "MUST_LINK": [
            "80"
        ],
        "CANNOT_LINK": [],
        "COMPONENT": 68
    },
    "81": {
        "MUST_LINK": [
            "81"
        ],
        "CANNOT_LINK": [
            "85",
            "14",
            "4",
            "34",
            "101",
            "22",
            "47",
            "42",
            "54"
        ],
        "COMPONENT": 69
    },
    "82": {
        "MUST_LINK": [
            "82"
        ],
        "CANNOT_LINK": [],
        "COMPONENT": 70
    },
    "83": {
        "MUST_LINK": [
            "83"
        ],
        "CANNOT_LINK": [],
        "COMPONENT": 71
    },
    "84": {
        "MUST_LINK": [
            "74",
            "84",
            "79"
        ],
        "CANNOT_LINK": [],
        "COMPONENT": 63
    },
    "85": {
        "MUST_LINK": [
            "14",
            "4",
            "34",
            "101",
            "22",
            "47",
            "42",
            "54",
            "85"
        ],
        "CANNOT_LINK": [
            "170",
            "161",
            "153",
            "81"
        ],
        "COMPONENT": 4
    },
    "86": {
        "MUST_LINK": [
            "86"
        ],
        "CANNOT_LINK": [],
        "COMPONENT": 72
    },
    "87": {
        "MUST_LINK": [
            "87"
        ],
        "CANNOT_LINK": [],
        "COMPONENT": 73
    },
    "88": {
        "MUST_LINK": [
            "88"
        ],
        "CANNOT_LINK": [],
        "COMPONENT": 74
    },
    "89": {
        "MUST_LINK": [
            "89"
        ],
        "CANNOT_LINK": [],
        "COMPONENT": 75
    },
    "90": {
        "MUST_LINK": [
            "90"
        ],
        "CANNOT_LINK": [],
        "COMPONENT": 76
    },
    "91": {
        "MUST_LINK": [
            "91"
        ],
        "CANNOT_LINK": [],
        "COMPONENT": 77
    },
    "92": {
        "MUST_LINK": [
            "92"
        ],
        "CANNOT_LINK": [],
        "COMPONENT": 78
    },
    "93": {
        "MUST_LINK": [
            "93"
        ],
        "CANNOT_LINK": [],
        "COMPONENT": 79
    },
    "94": {
        "MUST_LINK": [
            "94"
        ],
        "CANNOT_LINK": [],
        "COMPONENT": 80
    },
    "95": {
        "MUST_LINK": [
            "106",
            "15",
            "217",
            "39",
            "95",
            "44"
        ],
        "CANNOT_LINK": [],
        "COMPONENT": 14
    },
    "96": {
        "MUST_LINK": [
            "96"
        ],
        "CANNOT_LINK": [],
        "COMPONENT": 81
    },
    "97": {
        "MUST_LINK": [
            "97"
        ],
        "CANNOT_LINK": [],
        "COMPONENT": 82
    },
    "98": {
        "MUST_LINK": [
            "98"
        ],
        "CANNOT_LINK": [],
        "COMPONENT": 83
    },
    "99": {
        "MUST_LINK": [
            "138",
            "188",
            "99"
        ],
        "CANNOT_LINK": [],
        "COMPONENT": 84
    },
    "100": {
        "MUST_LINK": [
            "100"
        ],
        "CANNOT_LINK": [],
        "COMPONENT": 85
    },
    "101": {
        "MUST_LINK": [
            "14",
            "4",
            "34",
            "101",
            "22",
            "47",
            "42",
            "54",
            "85"
        ],
        "CANNOT_LINK": [
            "170",
            "161",
            "153",
            "81"
        ],
        "COMPONENT": 4
    },
    "102": {
        "MUST_LINK": [
            "102"
        ],
        "CANNOT_LINK": [],
        "COMPONENT": 86
    },
    "103": {
        "MUST_LINK": [
            "103"
        ],
        "CANNOT_LINK": [],
        "COMPONENT": 87
    },
    "104": {
        "MUST_LINK": [
            "104"
        ],
        "CANNOT_LINK": [],
        "COMPONENT": 88
    },
    "105": {
        "MUST_LINK": [
            "105"
        ],
        "CANNOT_LINK": [],
        "COMPONENT": 89
    },
    "106": {
        "MUST_LINK": [
            "106",
            "15",
            "217",
            "39",
            "95",
            "44"
        ],
        "CANNOT_LINK": [],
        "COMPONENT": 14
    },
    "107": {
        "MUST_LINK": [
            "107"
        ],
        "CANNOT_LINK": [],
        "COMPONENT": 90
    },
    "108": {
        "MUST_LINK": [
            "108"
        ],
        "CANNOT_LINK": [],
        "COMPONENT": 91
    },
    "109": {
        "MUST_LINK": [
            "109"
        ],
        "CANNOT_LINK": [],
        "COMPONENT": 92
    },
    "110": {
        "MUST_LINK": [
            "110",
            "31",
            "40"
        ],
        "CANNOT_LINK": [],
        "COMPONENT": 29
    },
    "111": {
        "MUST_LINK": [
            "111"
        ],
        "CANNOT_LINK": [],
        "COMPONENT": 93
    },
    "112": {
        "MUST_LINK": [
            "112"
        ],
        "CANNOT_LINK": [],
        "COMPONENT": 94
    },
    "113": {
        "MUST_LINK": [
            "113"
        ],
        "CANNOT_LINK": [
            "129"
        ],
        "COMPONENT": 95
    },
    "114": {
        "MUST_LINK": [
            "114"
        ],
        "CANNOT_LINK": [
            "116",
            "117"
        ],
        "COMPONENT": 96
    },
    "115": {
        "MUST_LINK": [
            "115",
            "184",
            "144",
            "205"
        ],
        "CANNOT_LINK": [],
        "COMPONENT": 97
    },
    "116": {
        "MUST_LINK": [
            "116"
        ],
        "CANNOT_LINK": [
            "114"
        ],
        "COMPONENT": 98
    },
    "117": {
        "MUST_LINK": [
            "117"
        ],
        "CANNOT_LINK": [
            "114"
        ],
        "COMPONENT": 99
    },
    "118": {
        "MUST_LINK": [
            "118",
            "75"
        ],
        "CANNOT_LINK": [
            "73",
            "3"
        ],
        "COMPONENT": 64
    },
    "119": {
        "MUST_LINK": [
            "119"
        ],
        "CANNOT_LINK": [],
        "COMPONENT": 100
    },
    "120": {
        "MUST_LINK": [
            "120"
        ],
        "CANNOT_LINK": [],
        "COMPONENT": 101
    },
    "121": {
        "MUST_LINK": [
            "121"
        ],
        "CANNOT_LINK": [],
        "COMPONENT": 102
    },
    "122": {
        "MUST_LINK": [
            "122"
        ],
        "CANNOT_LINK": [],
        "COMPONENT": 103
    },
    "123": {
        "MUST_LINK": [
            "123"
        ],
        "CANNOT_LINK": [],
        "COMPONENT": 104
    },
    "124": {
        "MUST_LINK": [
            "124"
        ],
        "CANNOT_LINK": [],
        "COMPONENT": 105
    },
    "125": {
        "MUST_LINK": [
            "125"
        ],
        "CANNOT_LINK": [],
        "COMPONENT": 106
    },
    "126": {
        "MUST_LINK": [
            "126"
        ],
        "CANNOT_LINK": [],
        "COMPONENT": 107
    },
    "127": {
        "MUST_LINK": [
            "127"
        ],
        "CANNOT_LINK": [],
        "COMPONENT": 108
    },
    "128": {
        "MUST_LINK": [
            "128"
        ],
        "CANNOT_LINK": [],
        "COMPONENT": 109
    },
    "129": {
        "MUST_LINK": [
            "129"
        ],
        "CANNOT_LINK": [
            "113"
        ],
        "COMPONENT": 110
    },
    "130": {
        "MUST_LINK": [
            "130"
        ],
        "CANNOT_LINK": [],
        "COMPONENT": 111
    },
    "131": {
        "MUST_LINK": [
            "131"
        ],
        "CANNOT_LINK": [
            "133"
        ],
        "COMPONENT": 112
    },
    "132": {
        "MUST_LINK": [
            "132"
        ],
        "CANNOT_LINK": [],
        "COMPONENT": 113
    },
    "133": {
        "MUST_LINK": [
            "133"
        ],
        "CANNOT_LINK": [
            "131"
        ],
        "COMPONENT": 114
    },
    "134": {
        "MUST_LINK": [
            "134"
        ],
        "CANNOT_LINK": [],
        "COMPONENT": 115
    },
    "135": {
        "MUST_LINK": [
            "135"
        ],
        "CANNOT_LINK": [],
        "COMPONENT": 116
    },
    "136": {
        "MUST_LINK": [
            "136"
        ],
        "CANNOT_LINK": [],
        "COMPONENT": 117
    },
    "137": {
        "MUST_LINK": [
            "137"
        ],
        "CANNOT_LINK": [],
        "COMPONENT": 118
    },
    "138": {
        "MUST_LINK": [
            "138",
            "188",
            "99"
        ],
        "CANNOT_LINK": [],
        "COMPONENT": 84
    },
    "139": {
        "MUST_LINK": [
            "139"
        ],
        "CANNOT_LINK": [],
        "COMPONENT": 119
    },
    "140": {
        "MUST_LINK": [
            "140"
        ],
        "CANNOT_LINK": [],
        "COMPONENT": 120
    },
    "141": {
        "MUST_LINK": [
            "141"
        ],
        "CANNOT_LINK": [],
        "COMPONENT": 121
    },
    "142": {
        "MUST_LINK": [
            "142",
            "162",
            "202"
        ],
        "CANNOT_LINK": [
            "221"
        ],
        "COMPONENT": 122
    },
    "143": {
        "MUST_LINK": [
            "143"
        ],
        "CANNOT_LINK": [],
        "COMPONENT": 123
    },
    "144": {
        "MUST_LINK": [
            "115",
            "184",
            "144",
            "205"
        ],
        "CANNOT_LINK": [],
        "COMPONENT": 97
    },
    "145": {
        "MUST_LINK": [
            "145"
        ],
        "CANNOT_LINK": [],
        "COMPONENT": 124
    },
    "146": {
        "MUST_LINK": [
            "146"
        ],
        "CANNOT_LINK": [
            "229"
        ],
        "COMPONENT": 125
    },
    "147": {
        "MUST_LINK": [
            "147"
        ],
        "CANNOT_LINK": [],
        "COMPONENT": 126
    },
    "148": {
        "MUST_LINK": [
            "148"
        ],
        "CANNOT_LINK": [],
        "COMPONENT": 127
    },
    "149": {
        "MUST_LINK": [
            "149"
        ],
        "CANNOT_LINK": [],
        "COMPONENT": 128
    },
    "150": {
        "MUST_LINK": [
            "150"
        ],
        "CANNOT_LINK": [],
        "COMPONENT": 129
    },
    "151": {
        "MUST_LINK": [
            "151"
        ],
        "CANNOT_LINK": [],
        "COMPONENT": 130
    },
    "152": {
        "MUST_LINK": [
            "152"
        ],
        "CANNOT_LINK": [],
        "COMPONENT": 131
    },
    "153": {
        "MUST_LINK": [
            "153"
        ],
        "CANNOT_LINK": [
            "22",
            "47",
            "101",
            "42",
            "34",
            "4",
            "54",
            "14",
            "85"
        ],
        "COMPONENT": 132
    },
    "154": {
        "MUST_LINK": [
            "154"
        ],
        "CANNOT_LINK": [],
        "COMPONENT": 133
    },
    "155": {
        "MUST_LINK": [
            "155"
        ],
        "CANNOT_LINK": [
            "38"
        ],
        "COMPONENT": 134
    },
    "156": {
        "MUST_LINK": [
            "156"
        ],
        "CANNOT_LINK": [],
        "COMPONENT": 135
    },
    "157": {
        "MUST_LINK": [
            "157"
        ],
        "CANNOT_LINK": [],
        "COMPONENT": 136
    },
    "158": {
        "MUST_LINK": [
            "158"
        ],
        "CANNOT_LINK": [],
        "COMPONENT": 137
    },
    "159": {
        "MUST_LINK": [
            "159"
        ],
        "CANNOT_LINK": [
            "174"
        ],
        "COMPONENT": 138
    },
    "160": {
        "MUST_LINK": [
            "160"
        ],
        "CANNOT_LINK": [],
        "COMPONENT": 139
    },
    "161": {
        "MUST_LINK": [
            "161"
        ],
        "CANNOT_LINK": [
            "14",
            "4",
            "34",
            "101",
            "22",
            "47",
            "42",
            "54",
            "85"
        ],
        "COMPONENT": 140
    },
    "162": {
        "MUST_LINK": [
            "142",
            "162",
            "202"
        ],
        "CANNOT_LINK": [
            "221"
        ],
        "COMPONENT": 122
    },
    "164": {
        "MUST_LINK": [
            "164",
            "210"
        ],
        "CANNOT_LINK": [
            "191"
        ],
        "COMPONENT": 141
    },
    "165": {
        "MUST_LINK": [
            "165"
        ],
        "CANNOT_LINK": [
            "64"
        ],
        "COMPONENT": 142
    },
    "166": {
        "MUST_LINK": [
            "166",
            "198"
        ],
        "CANNOT_LINK": [],
        "COMPONENT": 143
    },
    "167": {
        "MUST_LINK": [
            "167"
        ],
        "CANNOT_LINK": [
            "192",
            "183",
            "204"
        ],
        "COMPONENT": 144
    },
    "168": {
        "MUST_LINK": [
            "168",
            "171"
        ],
        "CANNOT_LINK": [],
        "COMPONENT": 145
    },
    "169": {
        "MUST_LINK": [
            "169",
            "252",
            "260"
        ],
        "CANNOT_LINK": [],
        "COMPONENT": 146
    },
    "170": {
        "MUST_LINK": [
            "170"
        ],
        "CANNOT_LINK": [
            "14",
            "4",
            "34",
            "101",
            "22",
            "47",
            "42",
            "54",
            "85"
        ],
        "COMPONENT": 147
    },
    "171": {
        "MUST_LINK": [
            "168",
            "171"
        ],
        "CANNOT_LINK": [],
        "COMPONENT": 145
    },
    "172": {
        "MUST_LINK": [
            "172"
        ],
        "CANNOT_LINK": [],
        "COMPONENT": 148
    },
    "173": {
        "MUST_LINK": [
            "173"
        ],
        "CANNOT_LINK": [],
        "COMPONENT": 149
    },
    "174": {
        "MUST_LINK": [
            "174"
        ],
        "CANNOT_LINK": [
            "159"
        ],
        "COMPONENT": 150
    },
    "175": {
        "MUST_LINK": [
            "175",
            "220",
            "261"
        ],
        "CANNOT_LINK": [],
        "COMPONENT": 151
    },
    "176": {
        "MUST_LINK": [
            "176"
        ],
        "CANNOT_LINK": [],
        "COMPONENT": 152
    },
    "177": {
        "MUST_LINK": [
            "177",
            "241"
        ],
        "CANNOT_LINK": [],
        "COMPONENT": 153
    },
    "178": {
        "MUST_LINK": [
            "178"
        ],
        "CANNOT_LINK": [
            "49"
        ],
        "COMPONENT": 154
    },
    "179": {
        "MUST_LINK": [
            "246",
            "179",
            "258"
        ],
        "CANNOT_LINK": [
            "49"
        ],
        "COMPONENT": 155
    },
    "180": {
        "MUST_LINK": [
            "180"
        ],
        "CANNOT_LINK": [],
        "COMPONENT": 156
    },
    "181": {
        "MUST_LINK": [
            "181",
            "21"
        ],
        "CANNOT_LINK": [],
        "COMPONENT": 20
    },
    "182": {
        "MUST_LINK": [
            "182",
            "203"
        ],
        "CANNOT_LINK": [],
        "COMPONENT": 157
    },
    "183": {
        "MUST_LINK": [
            "183",
            "204",
            "192"
        ],
        "CANNOT_LINK": [
            "38",
            "167"
        ],
        "COMPONENT": 158
    },
    "184": {
        "MUST_LINK": [
            "115",
            "184",
            "144",
            "205"
        ],
        "CANNOT_LINK": [],
        "COMPONENT": 97
    },
    "185": {
        "MUST_LINK": [
            "185"
        ],
        "CANNOT_LINK": [],
        "COMPONENT": 159
    },
    "186": {
        "MUST_LINK": [
            "186"
        ],
        "CANNOT_LINK": [],
        "COMPONENT": 160
    },
    "187": {
        "MUST_LINK": [
            "187",
            "209"
        ],
        "CANNOT_LINK": [],
        "COMPONENT": 161
    },
    "188": {
        "MUST_LINK": [
            "138",
            "188",
            "99"
        ],
        "CANNOT_LINK": [],
        "COMPONENT": 84
    },
    "189": {
        "MUST_LINK": [
            "189",
            "213",
            "218"
        ],
        "CANNOT_LINK": [],
        "COMPONENT": 162
    },
    "190": {
        "MUST_LINK": [
            "190"
        ],
        "CANNOT_LINK": [
            "223"
        ],
        "COMPONENT": 163
    },
    "191": {
        "MUST_LINK": [
            "191"
        ],
        "CANNOT_LINK": [
            "210",
            "164"
        ],
        "COMPONENT": 164
    },
    "192": {
        "MUST_LINK": [
            "183",
            "204",
            "192"
        ],
        "CANNOT_LINK": [
            "38",
            "167"
        ],
        "COMPONENT": 158
    },
    "193": {
        "MUST_LINK": [
            "222",
            "193",
            "242"
        ],
        "CANNOT_LINK": [],
        "COMPONENT": 165
    },
    "194": {
        "MUST_LINK": [
            "194"
        ],
        "CANNOT_LINK": [],
        "COMPONENT": 166
    },
    "195": {
        "MUST_LINK": [
            "195"
        ],
        "CANNOT_LINK": [],
        "COMPONENT": 167
    },
    "196": {
        "MUST_LINK": [
            "196"
        ],
        "CANNOT_LINK": [
            "229"
        ],
        "COMPONENT": 168
    },
    "197": {
        "MUST_LINK": [
            "197"
        ],
        "CANNOT_LINK": [],
        "COMPONENT": 169
    },
    "198": {
        "MUST_LINK": [
            "166",
            "198"
        ],
        "CANNOT_LINK": [],
        "COMPONENT": 143
    },
    "199": {
        "MUST_LINK": [
            "199"
        ],
        "CANNOT_LINK": [],
        "COMPONENT": 170
    },
    "200": {
        "MUST_LINK": [
            "200"
        ],
        "CANNOT_LINK": [],
        "COMPONENT": 171
    },
    "201": {
        "MUST_LINK": [
            "201"
        ],
        "CANNOT_LINK": [],
        "COMPONENT": 172
    },
    "202": {
        "MUST_LINK": [
            "142",
            "162",
            "202"
        ],
        "CANNOT_LINK": [
            "221"
        ],
        "COMPONENT": 122
    },
    "203": {
        "MUST_LINK": [
            "182",
            "203"
        ],
        "CANNOT_LINK": [],
        "COMPONENT": 157
    },
    "204": {
        "MUST_LINK": [
            "183",
            "204",
            "192"
        ],
        "CANNOT_LINK": [
            "38",
            "167"
        ],
        "COMPONENT": 158
    },
    "205": {
        "MUST_LINK": [
            "115",
            "184",
            "144",
            "205"
        ],
        "CANNOT_LINK": [],
        "COMPONENT": 97
    },
    "206": {
        "MUST_LINK": [
            "206"
        ],
        "CANNOT_LINK": [],
        "COMPONENT": 173
    },
    "207": {
        "MUST_LINK": [
            "207"
        ],
        "CANNOT_LINK": [
            "250"
        ],
        "COMPONENT": 174
    },
    "208": {
        "MUST_LINK": [
            "208",
            "216"
        ],
        "CANNOT_LINK": [],
        "COMPONENT": 175
    },
    "209": {
        "MUST_LINK": [
            "187",
            "209"
        ],
        "CANNOT_LINK": [],
        "COMPONENT": 161
    },
    "210": {
        "MUST_LINK": [
            "164",
            "210"
        ],
        "CANNOT_LINK": [
            "191"
        ],
        "COMPONENT": 141
    },
    "211": {
        "MUST_LINK": [
            "211",
            "65",
            "70"
        ],
        "CANNOT_LINK": [
            "66",
            "69"
        ],
        "COMPONENT": 56
    },
    "212": {
        "MUST_LINK": [
            "212"
        ],
        "CANNOT_LINK": [],
        "COMPONENT": 176
    },
    "213": {
        "MUST_LINK": [
            "189",
            "213",
            "218"
        ],
        "CANNOT_LINK": [],
        "COMPONENT": 162
    },
    "214": {
        "MUST_LINK": [
            "214"
        ],
        "CANNOT_LINK": [],
        "COMPONENT": 177
    },
    "215": {
        "MUST_LINK": [
            "215"
        ],
        "CANNOT_LINK": [],
        "COMPONENT": 178
    },
    "216": {
        "MUST_LINK": [
            "208",
            "216"
        ],
        "CANNOT_LINK": [],
        "COMPONENT": 175
    },
    "217": {
        "MUST_LINK": [
            "106",
            "15",
            "217",
            "39",
            "95",
            "44"
        ],
        "CANNOT_LINK": [],
        "COMPONENT": 14
    },
    "218": {
        "MUST_LINK": [
            "189",
            "213",
            "218"
        ],
        "CANNOT_LINK": [],
        "COMPONENT": 162
    },
    "219": {
        "MUST_LINK": [
            "219"
        ],
        "CANNOT_LINK": [],
        "COMPONENT": 179
    },
    "220": {
        "MUST_LINK": [
            "175",
            "220",
            "261"
        ],
        "CANNOT_LINK": [],
        "COMPONENT": 151
    },
    "221": {
        "MUST_LINK": [
            "221"
        ],
        "CANNOT_LINK": [
            "142",
            "162",
            "202"
        ],
        "COMPONENT": 180
    },
    "222": {
        "MUST_LINK": [
            "222",
            "193",
            "242"
        ],
        "CANNOT_LINK": [],
        "COMPONENT": 165
    },
    "223": {
        "MUST_LINK": [
            "223"
        ],
        "CANNOT_LINK": [
            "190"
        ],
        "COMPONENT": 181
    },
    "224": {
        "MUST_LINK": [
            "224"
        ],
        "CANNOT_LINK": [],
        "COMPONENT": 182
    },
    "225": {
        "MUST_LINK": [
            "225",
            "233",
            "253",
            "237"
        ],
        "CANNOT_LINK": [],
        "COMPONENT": 183
    },
    "226": {
        "MUST_LINK": [
            "226"
        ],
        "CANNOT_LINK": [],
        "COMPONENT": 184
    },
    "227": {
        "MUST_LINK": [
            "227"
        ],
        "CANNOT_LINK": [
            "29"
        ],
        "COMPONENT": 185
    },
    "228": {
        "MUST_LINK": [
            "228",
            "6"
        ],
        "CANNOT_LINK": [],
        "COMPONENT": 6
    },
    "229": {
        "MUST_LINK": [
            "229"
        ],
        "CANNOT_LINK": [
            "146",
            "196"
        ],
        "COMPONENT": 186
    },
    "230": {
        "MUST_LINK": [
            "230"
        ],
        "CANNOT_LINK": [],
        "COMPONENT": 187
    },
    "231": {
        "MUST_LINK": [
            "231"
        ],
        "CANNOT_LINK": [],
        "COMPONENT": 188
    },
    "232": {
        "MUST_LINK": [
            "232"
        ],
        "CANNOT_LINK": [
            "50",
            "17"
        ],
        "COMPONENT": 189
    },
    "233": {
        "MUST_LINK": [
            "225",
            "233",
            "253",
            "237"
        ],
        "CANNOT_LINK": [],
        "COMPONENT": 183
    },
    "234": {
        "MUST_LINK": [
            "234",
            "244"
        ],
        "CANNOT_LINK": [],
        "COMPONENT": 190
    },
    "235": {
        "MUST_LINK": [
            "235"
        ],
        "CANNOT_LINK": [],
        "COMPONENT": 191
    },
    "236": {
        "MUST_LINK": [
            "236"
        ],
        "CANNOT_LINK": [],
        "COMPONENT": 192
    },
    "237": {
        "MUST_LINK": [
            "225",
            "233",
            "253",
            "237"
        ],
        "CANNOT_LINK": [],
        "COMPONENT": 183
    },
    "238": {
        "MUST_LINK": [
            "238"
        ],
        "CANNOT_LINK": [],
        "COMPONENT": 193
    },
    "239": {
        "MUST_LINK": [
            "239"
        ],
        "CANNOT_LINK": [],
        "COMPONENT": 194
    },
    "240": {
        "MUST_LINK": [
            "240"
        ],
        "CANNOT_LINK": [],
        "COMPONENT": 195
    },
    "241": {
        "MUST_LINK": [
            "177",
            "241"
        ],
        "CANNOT_LINK": [],
        "COMPONENT": 153
    },
    "242": {
        "MUST_LINK": [
            "222",
            "193",
            "242"
        ],
        "CANNOT_LINK": [],
        "COMPONENT": 165
    },
    "243": {
        "MUST_LINK": [
            "243"
        ],
        "CANNOT_LINK": [],
        "COMPONENT": 196
    },
    "244": {
        "MUST_LINK": [
            "234",
            "244"
        ],
        "CANNOT_LINK": [],
        "COMPONENT": 190
    },
    "245": {
        "MUST_LINK": [
            "245"
        ],
        "CANNOT_LINK": [
            "251"
        ],
        "COMPONENT": 197
    },
    "246": {
        "MUST_LINK": [
            "246",
            "179",
            "258"
        ],
        "CANNOT_LINK": [
            "49"
        ],
        "COMPONENT": 155
    },
    "247": {
        "MUST_LINK": [
            "247"
        ],
        "CANNOT_LINK": [],
        "COMPONENT": 198
    },
    "248": {
        "MUST_LINK": [
            "248"
        ],
        "CANNOT_LINK": [],
        "COMPONENT": 199
    },
    "249": {
        "MUST_LINK": [
            "249"
        ],
        "CANNOT_LINK": [],
        "COMPONENT": 200
    },
    "250": {
        "MUST_LINK": [
            "250"
        ],
        "CANNOT_LINK": [
            "207"
        ],
        "COMPONENT": 201
    },
    "251": {
        "MUST_LINK": [
            "251"
        ],
        "CANNOT_LINK": [
            "259",
            "245",
            "255"
        ],
        "COMPONENT": 202
    },
    "252": {
        "MUST_LINK": [
            "169",
            "252",
            "260"
        ],
        "CANNOT_LINK": [],
        "COMPONENT": 146
    },
    "253": {
        "MUST_LINK": [
            "225",
            "233",
            "253",
            "237"
        ],
        "CANNOT_LINK": [],
        "COMPONENT": 183
    },
    "254": {
        "MUST_LINK": [
            "254"
        ],
        "CANNOT_LINK": [],
        "COMPONENT": 203
    },
    "255": {
        "MUST_LINK": [
            "255"
        ],
        "CANNOT_LINK": [
            "251"
        ],
        "COMPONENT": 204
    },
    "256": {
        "MUST_LINK": [
            "256"
        ],
        "CANNOT_LINK": [],
        "COMPONENT": 205
    },
    "257": {
        "MUST_LINK": [
            "257"
        ],
        "CANNOT_LINK": [],
        "COMPONENT": 206
    },
    "258": {
        "MUST_LINK": [
            "246",
            "179",
            "258"
        ],
        "CANNOT_LINK": [
            "49"
        ],
        "COMPONENT": 155
    },
    "259": {
        "MUST_LINK": [
            "259"
        ],
        "CANNOT_LINK": [
            "251"
        ],
        "COMPONENT": 207
    },
    "260": {
        "MUST_LINK": [
            "169",
            "252",
            "260"
        ],
        "CANNOT_LINK": [],
        "COMPONENT": 146
    },
    "261": {
        "MUST_LINK": [
            "175",
            "220",
            "261"
        ],
        "CANNOT_LINK": [],
        "COMPONENT": 151
    }
}