{
    "1": [
        "(138,188)",
        "(177,241)",
        "(189,213)",
        "(188,99)",
        "(183,204)",
        "(81,85)",
        "(217,39)",
        "(175,220)",
        "(181,21)",
        "(115,184)",
        "(169,252)",
        "(233,253)",
        "(228,6)",
        "(31,40)",
        "(115,144)"
    ],
    "2": [
        "(233,237)",
        "(144,205)",
        "(81,85)",
        "(184,205)",
        "(181,21)",
        "(189,218)",
        "(234,244)",
        "(22,47)",
        "(74,84)",
        "(178,49)",
        "(113,129)",
        "(146,229)",
        "(179,258)",
        "(169,260)",
        "(115,205)"
    ],
    "3": [
        "(101,22)",
        "(81,85)",
        "(22,42)",
        "(225,237)",
        "(74,79)",
        "(208,216)",
        "(101,47)",
        "(65,66)",
        "(178,246)",
        "(190,223)",
        "(73,75)",
        "(225,233)",
        "(251,259)",
        "(118,75)",
        "(155,38)"
    ],
    "4": [
        "(34,47)",
        "(142,162)",
        "(142,202)",
        "(4,47)",
        "(81,85)",
        "(114,116)",
        "(47,54)",
        "(14,47)",
        "(245,251)",
        "(142,221)",
        "(178,246)",
        "(22,54)",
        "(251,255)",
        "(66,69)",
        "(246,49)"
    ],
    "5": [
        "(81,85)",
        "(114,117)",
        "(207,250)",
        "(249,251)",
        "(153,22)",
        "(110,31)",
        "(246,258)",
        "(183,38)",
        "(65,70)",
        "(153,47)",
        "(168,171)",
        "(165,64)",
        "(227,29)",
        "(211,65)",
        "(193,242)"
    ],
    "6": [
        "(81,85)",
        "(178,246)",
        "(249,251)",
        "(227,29)",
        "(183,192)",
        "(245,249)",
        "(3,75)",
        "(164,210)",
        "(14,170)",
        "(220,261)",
        "(14,161)",
        "(15,39)",
        "(163,225)",
        "(196,229)",
        "(166,198)"
    ],
    "7": [
        "(103,2)",
        "(222,242)",
        "(159,174)",
        "(131,133)",
        "(15,95)",
        "(187,209)",
        "(15,44)",
        "(167,192)",
        "(232,50)",
        "(101,85)",
        "(182,203)",
        "(17,232)",
        "(106,15)",
        "(191,210)",
        "(178,246)"
    ]
}