{
    "0": {
        "MUST_LINK": [
            "0"
        ],
        "CANNOT_LINK": [],
        "COMPONENT": 0
    },
    "1": {
        "MUST_LINK": [
            "1"
        ],
        "CANNOT_LINK": [],
        "COMPONENT": 1
    },
    "2": {
        "MUST_LINK": [
            "2"
        ],
        "CANNOT_LINK": [],
        "COMPONENT": 2
    },
    "3": {
        "MUST_LINK": [
            "3"
        ],
        "CANNOT_LINK": [],
        "COMPONENT": 3
    },
    "4": {
        "MUST_LINK": [
            "4"
        ],
        "CANNOT_LINK": [],
        "COMPONENT": 4
    },
    "5": {
        "MUST_LINK": [
            "5"
        ],
        "CANNOT_LINK": [],
        "COMPONENT": 5
    },
    "6": {
        "MUST_LINK": [
            "6"
        ],
        "CANNOT_LINK": [],
        "COMPONENT": 6
    },
    "7": {
        "MUST_LINK": [
            "7"
        ],
        "CANNOT_LINK": [],
        "COMPONENT": 7
    },
    "8": {
        "MUST_LINK": [
            "8"
        ],
        "CANNOT_LINK": [],
        "COMPONENT": 8
    },
    "9": {
        "MUST_LINK": [
            "9"
        ],
        "CANNOT_LINK": [],
        "COMPONENT": 9
    },
    "10": {
        "MUST_LINK": [
            "10"
        ],
        "CANNOT_LINK": [],
        "COMPONENT": 10
    },
    "11": {
        "MUST_LINK": [
            "11"
        ],
        "CANNOT_LINK": [],
        "COMPONENT": 11
    },
    "12": {
        "MUST_LINK": [
            "12"
        ],
        "CANNOT_LINK": [],
        "COMPONENT": 12
    },
    "13": {
        "MUST_LINK": [
            "13"
        ],
        "CANNOT_LINK": [],
        "COMPONENT": 13
    },
    "14": {
        "MUST_LINK": [
            "14"
        ],
        "CANNOT_LINK": [],
        "COMPONENT": 14
    },
    "15": {
        "MUST_LINK": [
            "15"
        ],
        "CANNOT_LINK": [],
        "COMPONENT": 15
    },
    "16": {
        "MUST_LINK": [
            "16"
        ],
        "CANNOT_LINK": [],
        "COMPONENT": 16
    },
    "17": {
        "MUST_LINK": [
            "17"
        ],
        "CANNOT_LINK": [],
        "COMPONENT": 17
    },
    "18": {
        "MUST_LINK": [
            "18"
        ],
        "CANNOT_LINK": [],
        "COMPONENT": 18
    },
    "19": {
        "MUST_LINK": [
            "19"
        ],
        "CANNOT_LINK": [],
        "COMPONENT": 19
    },
    "20": {
        "MUST_LINK": [
            "20"
        ],
        "CANNOT_LINK": [],
        "COMPONENT": 20
    },
    "21": {
        "MUST_LINK": [
            "21"
        ],
        "CANNOT_LINK": [],
        "COMPONENT": 21
    },
    "22": {
        "MUST_LINK": [
            "22"
        ],
        "CANNOT_LINK": [],
        "COMPONENT": 22
    },
    "23": {
        "MUST_LINK": [
            "23"
        ],
        "CANNOT_LINK": [],
        "COMPONENT": 23
    },
    "24": {
        "MUST_LINK": [
            "24"
        ],
        "CANNOT_LINK": [],
        "COMPONENT": 24
    },
    "25": {
        "MUST_LINK": [
            "25"
        ],
        "CANNOT_LINK": [],
        "COMPONENT": 25
    },
    "26": {
        "MUST_LINK": [
            "26"
        ],
        "CANNOT_LINK": [],
        "COMPONENT": 26
    },
    "27": {
        "MUST_LINK": [
            "27"
        ],
        "CANNOT_LINK": [],
        "COMPONENT": 27
    },
    "28": {
        "MUST_LINK": [
            "28"
        ],
        "CANNOT_LINK": [],
        "COMPONENT": 28
    },
    "29": {
        "MUST_LINK": [
            "29"
        ],
        "CANNOT_LINK": [],
        "COMPONENT": 29
    },
    "30": {
        "MUST_LINK": [
            "30"
        ],
        "CANNOT_LINK": [],
        "COMPONENT": 30
    },
    "31": {
        "MUST_LINK": [
            "31"
        ],
        "CANNOT_LINK": [],
        "COMPONENT": 31
    },
    "32": {
        "MUST_LINK": [
            "32"
        ],
        "CANNOT_LINK": [],
        "COMPONENT": 32
    },
    "33": {
        "MUST_LINK": [
            "33"
        ],
        "CANNOT_LINK": [],
        "COMPONENT": 33
    },
    "34": {
        "MUST_LINK": [
            "34"
        ],
        "CANNOT_LINK": [],
        "COMPONENT": 34
    },
    "35": {
        "MUST_LINK": [
            "35"
        ],
        "CANNOT_LINK": [],
        "COMPONENT": 35
    },
    "36": {
        "MUST_LINK": [
            "36"
        ],
        "CANNOT_LINK": [],
        "COMPONENT": 36
    },
    "37": {
        "MUST_LINK": [
            "37"
        ],
        "CANNOT_LINK": [],
        "COMPONENT": 37
    },
    "38": {
        "MUST_LINK": [
            "38"
        ],
        "CANNOT_LINK": [],
        "COMPONENT": 38
    },
    "39": {
        "MUST_LINK": [
            "39"
        ],
        "CANNOT_LINK": [],
        "COMPONENT": 39
    },
    "40": {
        "MUST_LINK": [
            "40"
        ],
        "CANNOT_LINK": [],
        "COMPONENT": 40
    },
    "41": {
        "MUST_LINK": [
            "41"
        ],
        "CANNOT_LINK": [],
        "COMPONENT": 41
    },
    "42": {
        "MUST_LINK": [
            "42"
        ],
        "CANNOT_LINK": [],
        "COMPONENT": 42
    },
    "43": {
        "MUST_LINK": [
            "43"
        ],
        "CANNOT_LINK": [],
        "COMPONENT": 43
    },
    "44": {
        "MUST_LINK": [
            "44"
        ],
        "CANNOT_LINK": [],
        "COMPONENT": 44
    },
    "45": {
        "MUST_LINK": [
            "45"
        ],
        "CANNOT_LINK": [],
        "COMPONENT": 45
    },
    "46": {
        "MUST_LINK": [
            "46"
        ],
        "CANNOT_LINK": [],
        "COMPONENT": 46
    },
    "47": {
        "MUST_LINK": [
            "47"
        ],
        "CANNOT_LINK": [],
        "COMPONENT": 47
    },
    "48": {
        "MUST_LINK": [
            "48"
        ],
        "CANNOT_LINK": [],
        "COMPONENT": 48
    },
    "49": {
        "MUST_LINK": [
            "49"
        ],
        "CANNOT_LINK": [],
        "COMPONENT": 49
    },
    "50": {
        "MUST_LINK": [
            "50"
        ],
        "CANNOT_LINK": [],
        "COMPONENT": 50
    },
    "51": {
        "MUST_LINK": [
            "51"
        ],
        "CANNOT_LINK": [],
        "COMPONENT": 51
    },
    "52": {
        "MUST_LINK": [
            "52"
        ],
        "CANNOT_LINK": [],
        "COMPONENT": 52
    },
    "53": {
        "MUST_LINK": [
            "53"
        ],
        "CANNOT_LINK": [],
        "COMPONENT": 53
    },
    "54": {
        "MUST_LINK": [
            "54"
        ],
        "CANNOT_LINK": [],
        "COMPONENT": 54
    },
    "55": {
        "MUST_LINK": [
            "55"
        ],
        "CANNOT_LINK": [],
        "COMPONENT": 55
    },
    "56": {
        "MUST_LINK": [
            "56"
        ],
        "CANNOT_LINK": [],
        "COMPONENT": 56
    },
    "57": {
        "MUST_LINK": [
            "57"
        ],
        "CANNOT_LINK": [],
        "COMPONENT": 57
    },
    "58": {
        "MUST_LINK": [
            "58"
        ],
        "CANNOT_LINK": [],
        "COMPONENT": 58
    },
    "59": {
        "MUST_LINK": [
            "59"
        ],
        "CANNOT_LINK": [],
        "COMPONENT": 59
    },
    "60": {
        "MUST_LINK": [
            "60"
        ],
        "CANNOT_LINK": [],
        "COMPONENT": 60
    },
    "61": {
        "MUST_LINK": [
            "61"
        ],
        "CANNOT_LINK": [],
        "COMPONENT": 61
    },
    "62": {
        "MUST_LINK": [
            "62"
        ],
        "CANNOT_LINK": [],
        "COMPONENT": 62
    },
    "63": {
        "MUST_LINK": [
            "63"
        ],
        "CANNOT_LINK": [],
        "COMPONENT": 63
    },
    "64": {
        "MUST_LINK": [
            "64"
        ],
        "CANNOT_LINK": [],
        "COMPONENT": 64
    },
    "65": {
        "MUST_LINK": [
            "65"
        ],
        "CANNOT_LINK": [],
        "COMPONENT": 65
    },
    "66": {
        "MUST_LINK": [
            "66"
        ],
        "CANNOT_LINK": [],
        "COMPONENT": 66
    },
    "67": {
        "MUST_LINK": [
            "67"
        ],
        "CANNOT_LINK": [],
        "COMPONENT": 67
    },
    "68": {
        "MUST_LINK": [
            "68"
        ],
        "CANNOT_LINK": [],
        "COMPONENT": 68
    },
    "69": {
        "MUST_LINK": [
            "69"
        ],
        "CANNOT_LINK": [],
        "COMPONENT": 69
    },
    "70": {
        "MUST_LINK": [
            "70"
        ],
        "CANNOT_LINK": [],
        "COMPONENT": 70
    },
    "71": {
        "MUST_LINK": [
            "71"
        ],
        "CANNOT_LINK": [],
        "COMPONENT": 71
    },
    "72": {
        "MUST_LINK": [
            "72"
        ],
        "CANNOT_LINK": [],
        "COMPONENT": 72
    },
    "73": {
        "MUST_LINK": [
            "73"
        ],
        "CANNOT_LINK": [],
        "COMPONENT": 73
    },
    "74": {
        "MUST_LINK": [
            "74"
        ],
        "CANNOT_LINK": [],
        "COMPONENT": 74
    },
    "75": {
        "MUST_LINK": [
            "75"
        ],
        "CANNOT_LINK": [],
        "COMPONENT": 75
    },
    "76": {
        "MUST_LINK": [
            "76"
        ],
        "CANNOT_LINK": [],
        "COMPONENT": 76
    },
    "77": {
        "MUST_LINK": [
            "77"
        ],
        "CANNOT_LINK": [],
        "COMPONENT": 77
    },
    "78": {
        "MUST_LINK": [
            "78"
        ],
        "CANNOT_LINK": [],
        "COMPONENT": 78
    },
    "79": {
        "MUST_LINK": [
            "79"
        ],
        "CANNOT_LINK": [],
        "COMPONENT": 79
    },
    "80": {
        "MUST_LINK": [
            "80"
        ],
        "CANNOT_LINK": [],
        "COMPONENT": 80
    },
    "81": {
        "MUST_LINK": [
            "81"
        ],
        "CANNOT_LINK": [],
        "COMPONENT": 81
    },
    "82": {
        "MUST_LINK": [
            "82"
        ],
        "CANNOT_LINK": [],
        "COMPONENT": 82
    },
    "83": {
        "MUST_LINK": [
            "83"
        ],
        "CANNOT_LINK": [],
        "COMPONENT": 83
    },
    "84": {
        "MUST_LINK": [
            "84"
        ],
        "CANNOT_LINK": [],
        "COMPONENT": 84
    },
    "85": {
        "MUST_LINK": [
            "85"
        ],
        "CANNOT_LINK": [],
        "COMPONENT": 85
    },
    "86": {
        "MUST_LINK": [
            "86"
        ],
        "CANNOT_LINK": [],
        "COMPONENT": 86
    },
    "87": {
        "MUST_LINK": [
            "87"
        ],
        "CANNOT_LINK": [],
        "COMPONENT": 87
    },
    "88": {
        "MUST_LINK": [
            "88"
        ],
        "CANNOT_LINK": [],
        "COMPONENT": 88
    },
    "89": {
        "MUST_LINK": [
            "89"
        ],
        "CANNOT_LINK": [],
        "COMPONENT": 89
    },
    "90": {
        "MUST_LINK": [
            "90"
        ],
        "CANNOT_LINK": [],
        "COMPONENT": 90
    },
    "91": {
        "MUST_LINK": [
            "91"
        ],
        "CANNOT_LINK": [],
        "COMPONENT": 91
    },
    "92": {
        "MUST_LINK": [
            "92"
        ],
        "CANNOT_LINK": [],
        "COMPONENT": 92
    },
    "93": {
        "MUST_LINK": [
            "93"
        ],
        "CANNOT_LINK": [],
        "COMPONENT": 93
    },
    "94": {
        "MUST_LINK": [
            "94"
        ],
        "CANNOT_LINK": [],
        "COMPONENT": 94
    },
    "95": {
        "MUST_LINK": [
            "95"
        ],
        "CANNOT_LINK": [],
        "COMPONENT": 95
    },
    "96": {
        "MUST_LINK": [
            "96"
        ],
        "CANNOT_LINK": [],
        "COMPONENT": 96
    },
    "97": {
        "MUST_LINK": [
            "97"
        ],
        "CANNOT_LINK": [],
        "COMPONENT": 97
    },
    "98": {
        "MUST_LINK": [
            "98"
        ],
        "CANNOT_LINK": [],
        "COMPONENT": 98
    },
    "99": {
        "MUST_LINK": [
            "99"
        ],
        "CANNOT_LINK": [],
        "COMPONENT": 99
    },
    "100": {
        "MUST_LINK": [
            "100"
        ],
        "CANNOT_LINK": [],
        "COMPONENT": 100
    },
    "101": {
        "MUST_LINK": [
            "101"
        ],
        "CANNOT_LINK": [],
        "COMPONENT": 101
    },
    "102": {
        "MUST_LINK": [
            "102"
        ],
        "CANNOT_LINK": [],
        "COMPONENT": 102
    },
    "103": {
        "MUST_LINK": [
            "103"
        ],
        "CANNOT_LINK": [],
        "COMPONENT": 103
    },
    "104": {
        "MUST_LINK": [
            "104"
        ],
        "CANNOT_LINK": [],
        "COMPONENT": 104
    },
    "105": {
        "MUST_LINK": [
            "105"
        ],
        "CANNOT_LINK": [],
        "COMPONENT": 105
    },
    "106": {
        "MUST_LINK": [
            "106"
        ],
        "CANNOT_LINK": [],
        "COMPONENT": 106
    },
    "107": {
        "MUST_LINK": [
            "107"
        ],
        "CANNOT_LINK": [],
        "COMPONENT": 107
    },
    "108": {
        "MUST_LINK": [
            "108"
        ],
        "CANNOT_LINK": [],
        "COMPONENT": 108
    },
    "109": {
        "MUST_LINK": [
            "109"
        ],
        "CANNOT_LINK": [],
        "COMPONENT": 109
    },
    "110": {
        "MUST_LINK": [
            "110"
        ],
        "CANNOT_LINK": [],
        "COMPONENT": 110
    },
    "111": {
        "MUST_LINK": [
            "111"
        ],
        "CANNOT_LINK": [],
        "COMPONENT": 111
    },
    "112": {
        "MUST_LINK": [
            "112"
        ],
        "CANNOT_LINK": [],
        "COMPONENT": 112
    },
    "113": {
        "MUST_LINK": [
            "113"
        ],
        "CANNOT_LINK": [],
        "COMPONENT": 113
    },
    "114": {
        "MUST_LINK": [
            "114"
        ],
        "CANNOT_LINK": [],
        "COMPONENT": 114
    },
    "115": {
        "MUST_LINK": [
            "115"
        ],
        "CANNOT_LINK": [],
        "COMPONENT": 115
    },
    "116": {
        "MUST_LINK": [
            "116"
        ],
        "CANNOT_LINK": [],
        "COMPONENT": 116
    },
    "117": {
        "MUST_LINK": [
            "117"
        ],
        "CANNOT_LINK": [],
        "COMPONENT": 117
    },
    "118": {
        "MUST_LINK": [
            "118"
        ],
        "CANNOT_LINK": [],
        "COMPONENT": 118
    },
    "119": {
        "MUST_LINK": [
            "119"
        ],
        "CANNOT_LINK": [],
        "COMPONENT": 119
    },
    "120": {
        "MUST_LINK": [
            "120"
        ],
        "CANNOT_LINK": [],
        "COMPONENT": 120
    },
    "121": {
        "MUST_LINK": [
            "121"
        ],
        "CANNOT_LINK": [],
        "COMPONENT": 121
    },
    "122": {
        "MUST_LINK": [
            "122"
        ],
        "CANNOT_LINK": [],
        "COMPONENT": 122
    },
    "123": {
        "MUST_LINK": [
            "123"
        ],
        "CANNOT_LINK": [],
        "COMPONENT": 123
    },
    "124": {
        "MUST_LINK": [
            "124"
        ],
        "CANNOT_LINK": [],
        "COMPONENT": 124
    },
    "125": {
        "MUST_LINK": [
            "125"
        ],
        "CANNOT_LINK": [],
        "COMPONENT": 125
    },
    "126": {
        "MUST_LINK": [
            "126"
        ],
        "CANNOT_LINK": [],
        "COMPONENT": 126
    },
    "127": {
        "MUST_LINK": [
            "127"
        ],
        "CANNOT_LINK": [],
        "COMPONENT": 127
    },
    "128": {
        "MUST_LINK": [
            "128"
        ],
        "CANNOT_LINK": [],
        "COMPONENT": 128
    },
    "129": {
        "MUST_LINK": [
            "129"
        ],
        "CANNOT_LINK": [],
        "COMPONENT": 129
    },
    "130": {
        "MUST_LINK": [
            "130"
        ],
        "CANNOT_LINK": [],
        "COMPONENT": 130
    },
    "131": {
        "MUST_LINK": [
            "131"
        ],
        "CANNOT_LINK": [],
        "COMPONENT": 131
    },
    "132": {
        "MUST_LINK": [
            "132"
        ],
        "CANNOT_LINK": [],
        "COMPONENT": 132
    },
    "133": {
        "MUST_LINK": [
            "133"
        ],
        "CANNOT_LINK": [],
        "COMPONENT": 133
    },
    "134": {
        "MUST_LINK": [
            "134"
        ],
        "CANNOT_LINK": [],
        "COMPONENT": 134
    },
    "135": {
        "MUST_LINK": [
            "135"
        ],
        "CANNOT_LINK": [],
        "COMPONENT": 135
    },
    "136": {
        "MUST_LINK": [
            "136"
        ],
        "CANNOT_LINK": [],
        "COMPONENT": 136
    },
    "137": {
        "MUST_LINK": [
            "137"
        ],
        "CANNOT_LINK": [],
        "COMPONENT": 137
    },
    "138": {
        "MUST_LINK": [
            "138"
        ],
        "CANNOT_LINK": [],
        "COMPONENT": 138
    },
    "139": {
        "MUST_LINK": [
            "139"
        ],
        "CANNOT_LINK": [],
        "COMPONENT": 139
    },
    "140": {
        "MUST_LINK": [
            "140"
        ],
        "CANNOT_LINK": [],
        "COMPONENT": 140
    },
    "141": {
        "MUST_LINK": [
            "141"
        ],
        "CANNOT_LINK": [],
        "COMPONENT": 141
    },
    "142": {
        "MUST_LINK": [
            "142"
        ],
        "CANNOT_LINK": [],
        "COMPONENT": 142
    },
    "143": {
        "MUST_LINK": [
            "143"
        ],
        "CANNOT_LINK": [],
        "COMPONENT": 143
    },
    "144": {
        "MUST_LINK": [
            "144"
        ],
        "CANNOT_LINK": [],
        "COMPONENT": 144
    },
    "145": {
        "MUST_LINK": [
            "145"
        ],
        "CANNOT_LINK": [],
        "COMPONENT": 145
    },
    "146": {
        "MUST_LINK": [
            "146"
        ],
        "CANNOT_LINK": [],
        "COMPONENT": 146
    },
    "147": {
        "MUST_LINK": [
            "147"
        ],
        "CANNOT_LINK": [],
        "COMPONENT": 147
    },
    "148": {
        "MUST_LINK": [
            "148"
        ],
        "CANNOT_LINK": [],
        "COMPONENT": 148
    },
    "149": {
        "MUST_LINK": [
            "149"
        ],
        "CANNOT_LINK": [],
        "COMPONENT": 149
    },
    "150": {
        "MUST_LINK": [
            "150"
        ],
        "CANNOT_LINK": [],
        "COMPONENT": 150
    },
    "151": {
        "MUST_LINK": [
            "151"
        ],
        "CANNOT_LINK": [],
        "COMPONENT": 151
    },
    "152": {
        "MUST_LINK": [
            "152"
        ],
        "CANNOT_LINK": [],
        "COMPONENT": 152
    },
    "153": {
        "MUST_LINK": [
            "153"
        ],
        "CANNOT_LINK": [],
        "COMPONENT": 153
    },
    "154": {
        "MUST_LINK": [
            "154"
        ],
        "CANNOT_LINK": [],
        "COMPONENT": 154
    },
    "155": {
        "MUST_LINK": [
            "155"
        ],
        "CANNOT_LINK": [],
        "COMPONENT": 155
    },
    "156": {
        "MUST_LINK": [
            "156"
        ],
        "CANNOT_LINK": [],
        "COMPONENT": 156
    },
    "157": {
        "MUST_LINK": [
            "157"
        ],
        "CANNOT_LINK": [],
        "COMPONENT": 157
    },
    "158": {
        "MUST_LINK": [
            "158"
        ],
        "CANNOT_LINK": [],
        "COMPONENT": 158
    },
    "159": {
        "MUST_LINK": [
            "159"
        ],
        "CANNOT_LINK": [],
        "COMPONENT": 159
    },
    "160": {
        "MUST_LINK": [
            "160"
        ],
        "CANNOT_LINK": [],
        "COMPONENT": 160
    },
    "161": {
        "MUST_LINK": [
            "161"
        ],
        "CANNOT_LINK": [],
        "COMPONENT": 161
    },
    "162": {
        "MUST_LINK": [
            "162"
        ],
        "CANNOT_LINK": [],
        "COMPONENT": 162
    },
    "163": {
        "MUST_LINK": [
            "163"
        ],
        "CANNOT_LINK": [],
        "COMPONENT": 163
    },
    "164": {
        "MUST_LINK": [
            "164"
        ],
        "CANNOT_LINK": [],
        "COMPONENT": 164
    },
    "165": {
        "MUST_LINK": [
            "165"
        ],
        "CANNOT_LINK": [],
        "COMPONENT": 165
    },
    "166": {
        "MUST_LINK": [
            "166"
        ],
        "CANNOT_LINK": [],
        "COMPONENT": 166
    },
    "167": {
        "MUST_LINK": [
            "167"
        ],
        "CANNOT_LINK": [],
        "COMPONENT": 167
    },
    "168": {
        "MUST_LINK": [
            "168"
        ],
        "CANNOT_LINK": [],
        "COMPONENT": 168
    },
    "169": {
        "MUST_LINK": [
            "169"
        ],
        "CANNOT_LINK": [],
        "COMPONENT": 169
    },
    "170": {
        "MUST_LINK": [
            "170"
        ],
        "CANNOT_LINK": [],
        "COMPONENT": 170
    },
    "171": {
        "MUST_LINK": [
            "171"
        ],
        "CANNOT_LINK": [],
        "COMPONENT": 171
    },
    "172": {
        "MUST_LINK": [
            "172"
        ],
        "CANNOT_LINK": [],
        "COMPONENT": 172
    },
    "173": {
        "MUST_LINK": [
            "173"
        ],
        "CANNOT_LINK": [],
        "COMPONENT": 173
    },
    "174": {
        "MUST_LINK": [
            "174"
        ],
        "CANNOT_LINK": [],
        "COMPONENT": 174
    },
    "175": {
        "MUST_LINK": [
            "175"
        ],
        "CANNOT_LINK": [],
        "COMPONENT": 175
    },
    "176": {
        "MUST_LINK": [
            "176"
        ],
        "CANNOT_LINK": [],
        "COMPONENT": 176
    },
    "177": {
        "MUST_LINK": [
            "177"
        ],
        "CANNOT_LINK": [],
        "COMPONENT": 177
    },
    "178": {
        "MUST_LINK": [
            "178"
        ],
        "CANNOT_LINK": [],
        "COMPONENT": 178
    },
    "179": {
        "MUST_LINK": [
            "179"
        ],
        "CANNOT_LINK": [],
        "COMPONENT": 179
    },
    "180": {
        "MUST_LINK": [
            "180"
        ],
        "CANNOT_LINK": [],
        "COMPONENT": 180
    },
    "181": {
        "MUST_LINK": [
            "181"
        ],
        "CANNOT_LINK": [],
        "COMPONENT": 181
    },
    "182": {
        "MUST_LINK": [
            "182"
        ],
        "CANNOT_LINK": [],
        "COMPONENT": 182
    },
    "183": {
        "MUST_LINK": [
            "183"
        ],
        "CANNOT_LINK": [],
        "COMPONENT": 183
    },
    "184": {
        "MUST_LINK": [
            "184"
        ],
        "CANNOT_LINK": [],
        "COMPONENT": 184
    },
    "185": {
        "MUST_LINK": [
            "185"
        ],
        "CANNOT_LINK": [],
        "COMPONENT": 185
    },
    "186": {
        "MUST_LINK": [
            "186"
        ],
        "CANNOT_LINK": [],
        "COMPONENT": 186
    },
    "187": {
        "MUST_LINK": [
            "187"
        ],
        "CANNOT_LINK": [],
        "COMPONENT": 187
    },
    "188": {
        "MUST_LINK": [
            "188"
        ],
        "CANNOT_LINK": [],
        "COMPONENT": 188
    },
    "189": {
        "MUST_LINK": [
            "189"
        ],
        "CANNOT_LINK": [],
        "COMPONENT": 189
    },
    "190": {
        "MUST_LINK": [
            "190"
        ],
        "CANNOT_LINK": [],
        "COMPONENT": 190
    },
    "191": {
        "MUST_LINK": [
            "191"
        ],
        "CANNOT_LINK": [],
        "COMPONENT": 191
    },
    "192": {
        "MUST_LINK": [
            "192"
        ],
        "CANNOT_LINK": [],
        "COMPONENT": 192
    },
    "193": {
        "MUST_LINK": [
            "193"
        ],
        "CANNOT_LINK": [],
        "COMPONENT": 193
    },
    "194": {
        "MUST_LINK": [
            "194"
        ],
        "CANNOT_LINK": [],
        "COMPONENT": 194
    },
    "195": {
        "MUST_LINK": [
            "195"
        ],
        "CANNOT_LINK": [],
        "COMPONENT": 195
    },
    "196": {
        "MUST_LINK": [
            "196"
        ],
        "CANNOT_LINK": [],
        "COMPONENT": 196
    },
    "197": {
        "MUST_LINK": [
            "197"
        ],
        "CANNOT_LINK": [],
        "COMPONENT": 197
    },
    "198": {
        "MUST_LINK": [
            "198"
        ],
        "CANNOT_LINK": [],
        "COMPONENT": 198
    },
    "199": {
        "MUST_LINK": [
            "199"
        ],
        "CANNOT_LINK": [],
        "COMPONENT": 199
    },
    "200": {
        "MUST_LINK": [
            "200"
        ],
        "CANNOT_LINK": [],
        "COMPONENT": 200
    },
    "201": {
        "MUST_LINK": [
            "201"
        ],
        "CANNOT_LINK": [],
        "COMPONENT": 201
    },
    "202": {
        "MUST_LINK": [
            "202"
        ],
        "CANNOT_LINK": [],
        "COMPONENT": 202
    },
    "203": {
        "MUST_LINK": [
            "203"
        ],
        "CANNOT_LINK": [],
        "COMPONENT": 203
    },
    "204": {
        "MUST_LINK": [
            "204"
        ],
        "CANNOT_LINK": [],
        "COMPONENT": 204
    },
    "205": {
        "MUST_LINK": [
            "205"
        ],
        "CANNOT_LINK": [],
        "COMPONENT": 205
    },
    "206": {
        "MUST_LINK": [
            "206"
        ],
        "CANNOT_LINK": [],
        "COMPONENT": 206
    },
    "207": {
        "MUST_LINK": [
            "207"
        ],
        "CANNOT_LINK": [],
        "COMPONENT": 207
    },
    "208": {
        "MUST_LINK": [
            "208"
        ],
        "CANNOT_LINK": [],
        "COMPONENT": 208
    },
    "209": {
        "MUST_LINK": [
            "209"
        ],
        "CANNOT_LINK": [],
        "COMPONENT": 209
    },
    "210": {
        "MUST_LINK": [
            "210"
        ],
        "CANNOT_LINK": [],
        "COMPONENT": 210
    },
    "211": {
        "MUST_LINK": [
            "211"
        ],
        "CANNOT_LINK": [],
        "COMPONENT": 211
    },
    "212": {
        "MUST_LINK": [
            "212"
        ],
        "CANNOT_LINK": [],
        "COMPONENT": 212
    },
    "213": {
        "MUST_LINK": [
            "213"
        ],
        "CANNOT_LINK": [],
        "COMPONENT": 213
    },
    "214": {
        "MUST_LINK": [
            "214"
        ],
        "CANNOT_LINK": [],
        "COMPONENT": 214
    },
    "215": {
        "MUST_LINK": [
            "215"
        ],
        "CANNOT_LINK": [],
        "COMPONENT": 215
    },
    "216": {
        "MUST_LINK": [
            "216"
        ],
        "CANNOT_LINK": [],
        "COMPONENT": 216
    },
    "217": {
        "MUST_LINK": [
            "217"
        ],
        "CANNOT_LINK": [],
        "COMPONENT": 217
    },
    "218": {
        "MUST_LINK": [
            "218"
        ],
        "CANNOT_LINK": [],
        "COMPONENT": 218
    },
    "219": {
        "MUST_LINK": [
            "219"
        ],
        "CANNOT_LINK": [],
        "COMPONENT": 219
    },
    "220": {
        "MUST_LINK": [
            "220"
        ],
        "CANNOT_LINK": [],
        "COMPONENT": 220
    },
    "221": {
        "MUST_LINK": [
            "221"
        ],
        "CANNOT_LINK": [],
        "COMPONENT": 221
    },
    "222": {
        "MUST_LINK": [
            "222"
        ],
        "CANNOT_LINK": [],
        "COMPONENT": 222
    },
    "223": {
        "MUST_LINK": [
            "223"
        ],
        "CANNOT_LINK": [],
        "COMPONENT": 223
    },
    "224": {
        "MUST_LINK": [
            "224"
        ],
        "CANNOT_LINK": [],
        "COMPONENT": 224
    },
    "225": {
        "MUST_LINK": [
            "225"
        ],
        "CANNOT_LINK": [],
        "COMPONENT": 225
    },
    "226": {
        "MUST_LINK": [
            "226"
        ],
        "CANNOT_LINK": [],
        "COMPONENT": 226
    },
    "227": {
        "MUST_LINK": [
            "227"
        ],
        "CANNOT_LINK": [],
        "COMPONENT": 227
    },
    "228": {
        "MUST_LINK": [
            "228"
        ],
        "CANNOT_LINK": [],
        "COMPONENT": 228
    },
    "229": {
        "MUST_LINK": [
            "229"
        ],
        "CANNOT_LINK": [],
        "COMPONENT": 229
    },
    "230": {
        "MUST_LINK": [
            "230"
        ],
        "CANNOT_LINK": [],
        "COMPONENT": 230
    },
    "231": {
        "MUST_LINK": [
            "231"
        ],
        "CANNOT_LINK": [],
        "COMPONENT": 231
    },
    "232": {
        "MUST_LINK": [
            "232"
        ],
        "CANNOT_LINK": [],
        "COMPONENT": 232
    },
    "233": {
        "MUST_LINK": [
            "233"
        ],
        "CANNOT_LINK": [],
        "COMPONENT": 233
    },
    "234": {
        "MUST_LINK": [
            "234"
        ],
        "CANNOT_LINK": [],
        "COMPONENT": 234
    },
    "235": {
        "MUST_LINK": [
            "235"
        ],
        "CANNOT_LINK": [],
        "COMPONENT": 235
    },
    "236": {
        "MUST_LINK": [
            "236"
        ],
        "CANNOT_LINK": [],
        "COMPONENT": 236
    },
    "237": {
        "MUST_LINK": [
            "237"
        ],
        "CANNOT_LINK": [],
        "COMPONENT": 237
    },
    "238": {
        "MUST_LINK": [
            "238"
        ],
        "CANNOT_LINK": [],
        "COMPONENT": 238
    },
    "239": {
        "MUST_LINK": [
            "239"
        ],
        "CANNOT_LINK": [],
        "COMPONENT": 239
    },
    "240": {
        "MUST_LINK": [
            "240"
        ],
        "CANNOT_LINK": [],
        "COMPONENT": 240
    },
    "241": {
        "MUST_LINK": [
            "241"
        ],
        "CANNOT_LINK": [],
        "COMPONENT": 241
    },
    "242": {
        "MUST_LINK": [
            "242"
        ],
        "CANNOT_LINK": [],
        "COMPONENT": 242
    },
    "243": {
        "MUST_LINK": [
            "243"
        ],
        "CANNOT_LINK": [],
        "COMPONENT": 243
    },
    "244": {
        "MUST_LINK": [
            "244"
        ],
        "CANNOT_LINK": [],
        "COMPONENT": 244
    },
    "245": {
        "MUST_LINK": [
            "245"
        ],
        "CANNOT_LINK": [],
        "COMPONENT": 245
    },
    "246": {
        "MUST_LINK": [
            "246"
        ],
        "CANNOT_LINK": [],
        "COMPONENT": 246
    },
    "247": {
        "MUST_LINK": [
            "247"
        ],
        "CANNOT_LINK": [],
        "COMPONENT": 247
    },
    "248": {
        "MUST_LINK": [
            "248"
        ],
        "CANNOT_LINK": [],
        "COMPONENT": 248
    },
    "249": {
        "MUST_LINK": [
            "249"
        ],
        "CANNOT_LINK": [],
        "COMPONENT": 249
    },
    "250": {
        "MUST_LINK": [
            "250"
        ],
        "CANNOT_LINK": [],
        "COMPONENT": 250
    },
    "251": {
        "MUST_LINK": [
            "251"
        ],
        "CANNOT_LINK": [],
        "COMPONENT": 251
    },
    "252": {
        "MUST_LINK": [
            "252"
        ],
        "CANNOT_LINK": [],
        "COMPONENT": 252
    },
    "253": {
        "MUST_LINK": [
            "253"
        ],
        "CANNOT_LINK": [],
        "COMPONENT": 253
    },
    "254": {
        "MUST_LINK": [
            "254"
        ],
        "CANNOT_LINK": [],
        "COMPONENT": 254
    },
    "255": {
        "MUST_LINK": [
            "255"
        ],
        "CANNOT_LINK": [],
        "COMPONENT": 255
    },
    "256": {
        "MUST_LINK": [
            "256"
        ],
        "CANNOT_LINK": [],
        "COMPONENT": 256
    },
    "257": {
        "MUST_LINK": [
            "257"
        ],
        "CANNOT_LINK": [],
        "COMPONENT": 257
    },
    "258": {
        "MUST_LINK": [
            "258"
        ],
        "CANNOT_LINK": [],
        "COMPONENT": 258
    },
    "259": {
        "MUST_LINK": [
            "259"
        ],
        "CANNOT_LINK": [],
        "COMPONENT": 259
    },
    "260": {
        "MUST_LINK": [
            "260"
        ],
        "CANNOT_LINK": [],
        "COMPONENT": 260
    },
    "261": {
        "MUST_LINK": [
            "261"
        ],
        "CANNOT_LINK": [],
        "COMPONENT": 261
    }
}