{
    "0": {
        "0": 1,
        "1": 3,
        "10": 8,
        "100": 1,
        "101": 3,
        "102": 3,
        "103": 1,
        "104": 1,
        "105": 1,
        "106": 1,
        "107": 8,
        "108": 1,
        "109": 1,
        "11": 7,
        "110": 1,
        "111": 3,
        "112": 1,
        "113": 1,
        "114": 1,
        "115": 1,
        "116": 1,
        "117": 3,
        "118": 7,
        "119": 3,
        "12": 3,
        "120": 1,
        "121": 1,
        "122": 3,
        "123": 1,
        "124": 1,
        "125": 9,
        "126": 9,
        "127": 9,
        "128": 3,
        "129": 7,
        "13": 3,
        "130": 1,
        "131": 1,
        "132": 1,
        "133": 1,
        "134": 8,
        "135": 3,
        "136": 3,
        "137": 1,
        "138": 8,
        "139": 1,
        "14": 3,
        "140": 1,
        "141": 1,
        "142": 7,
        "143": 1,
        "144": 1,
        "145": 8,
        "146": 9,
        "147": 3,
        "148": 3,
        "149": 1,
        "15": 3,
        "150": 5,
        "151": 5,
        "152": 6,
        "153": 6,
        "154": 6,
        "155": 6,
        "156": 6,
        "157": 5,
        "158": 2,
        "159": 6,
        "16": 3,
        "160": 2,
        "161": 5,
        "162": 9,
        "163": 9,
        "164": 9,
        "165": 9,
        "166": 9,
        "167": 9,
        "168": 2,
        "169": 1,
        "17": 1,
        "170": 5,
        "171": 2,
        "172": 5,
        "173": 2,
        "174": 5,
        "175": 6,
        "176": 5,
        "177": 1,
        "178": 9,
        "179": 2,
        "18": 1,
        "180": 5,
        "181": 5,
        "182": 5,
        "183": 2,
        "184": 5,
        "185": 9,
        "186": 9,
        "187": 5,
        "188": 5,
        "189": 2,
        "19": 3,
        "190": 5,
        "191": 2,
        "192": 1,
        "193": 6,
        "194": 2,
        "195": 2,
        "196": 5,
        "197": 1,
        "198": 5,
        "199": 2,
        "2": 3,
        "20": 3,
        "200": 4,
        "201": 4,
        "202": 3,
        "203": 7,
        "204": 3,
        "205": 4,
        "206": 3,
        "207": 3,
        "208": 1,
        "209": 4,
        "21": 8,
        "210": 9,
        "211": 7,
        "212": 8,
        "213": 9,
        "214": 9,
        "215": 7,
        "216": 7,
        "217": 9,
        "218": 8,
        "219": 1,
        "22": 7,
        "220": 4,
        "221": 4,
        "222": 1,
        "223": 3,
        "224": 1,
        "225": 3,
        "226": 4,
        "227": 4,
        "228": 1,
        "229": 1,
        "23": 7,
        "230": 8,
        "231": 1,
        "232": 1,
        "233": 3,
        "234": 1,
        "235": 4,
        "236": 4,
        "237": 4,
        "238": 4,
        "239": 4,
        "24": 3,
        "240": 4,
        "241": 4,
        "242": 4,
        "243": 1,
        "244": 3,
        "245": 1,
        "246": 4,
        "247": 4,
        "248": 4,
        "249": 4,
        "25": 3,
        "250": 1,
        "251": 1,
        "252": 1,
        "253": 1,
        "254": 3,
        "255": 7,
        "256": 3,
        "257": 1,
        "258": 1,
        "259": 1,
        "26": 1,
        "260": 1,
        "261": 7,
        "262": 1,
        "263": 1,
        "264": 1,
        "265": 1,
        "266": 1,
        "267": 1,
        "268": 9,
        "269": 9,
        "27": 1,
        "270": 1,
        "271": 3,
        "272": 1,
        "273": 1,
        "274": 1,
        "275": 1,
        "276": 1,
        "277": 8,
        "278": 1,
        "279": 1,
        "28": 7,
        "280": 1,
        "281": 1,
        "282": 8,
        "283": 1,
        "284": 3,
        "285": 1,
        "286": 1,
        "287": 1,
        "288": 7,
        "289": 1,
        "29": 3,
        "290": 1,
        "291": 1,
        "292": 1,
        "293": 1,
        "294": 1,
        "295": 3,
        "296": 3,
        "297": 1,
        "298": 1,
        "299": 1,
        "3": 3,
        "30": 3,
        "300": 2,
        "301": 2,
        "302": 2,
        "303": 2,
        "304": 2,
        "305": 2,
        "306": 1,
        "307": 2,
        "308": 2,
        "309": 1,
        "31": 7,
        "310": 2,
        "311": 2,
        "313": 2,
        "314": 2,
        "315": 2,
        "316": 2,
        "317": 2,
        "318": 2,
        "319": 2,
        "32": 3,
        "320": 1,
        "321": 2,
        "322": 2,
        "323": 1,
        "324": 2,
        "325": 2,
        "326": 3,
        "327": 1,
        "328": 1,
        "329": 2,
        "33": 3,
        "330": 2,
        "331": 2,
        "332": 2,
        "333": 1,
        "334": 2,
        "335": 2,
        "336": 2,
        "337": 2,
        "338": 2,
        "339": 1,
        "34": 1,
        "340": 2,
        "341": 1,
        "342": 1,
        "343": 2,
        "344": 2,
        "345": 1,
        "346": 2,
        "347": 2,
        "348": 2,
        "349": 2,
        "35": 1,
        "350": 1,
        "351": 1,
        "352": 1,
        "353": 3,
        "354": 3,
        "355": 1,
        "356": 1,
        "357": 3,
        "358": 3,
        "359": 3,
        "36": 1,
        "360": 3,
        "361": 9,
        "362": 6,
        "363": 9,
        "364": 6,
        "365": 3,
        "366": 3,
        "367": 3,
        "368": 3,
        "369": 3,
        "37": 3,
        "370": 3,
        "371": 3,
        "372": 1,
        "373": 3,
        "374": 3,
        "375": 3,
        "376": 1,
        "377": 9,
        "378": 3,
        "379": 1,
        "38": 1,
        "380": 3,
        "381": 1,
        "382": 3,
        "383": 3,
        "384": 3,
        "385": 1,
        "386": 3,
        "387": 2,
        "388": 9,
        "389": 9,
        "39": 1,
        "390": 9,
        "391": 9,
        "392": 9,
        "393": 9,
        "394": 1,
        "395": 3,
        "396": 9,
        "397": 6,
        "398": 4,
        "399": 1,
        "4": 1,
        "40": 3,
        "400": 3,
        "401": 7,
        "402": 3,
        "403": 8,
        "404": 3,
        "405": 3,
        "406": 3,
        "407": 3,
        "408": 3,
        "409": 3,
        "41": 3,
        "410": 3,
        "411": 1,
        "412": 3,
        "413": 1,
        "414": 3,
        "415": 3,
        "416": 3,
        "417": 3,
        "418": 3,
        "419": 8,
        "42": 1,
        "420": 3,
        "421": 3,
        "422": 1,
        "423": 9,
        "424": 9,
        "425": 9,
        "426": 9,
        "427": 9,
        "428": 3,
        "429": 3,
        "43": 1,
        "430": 3,
        "431": 3,
        "432": 3,
        "433": 3,
        "434": 3,
        "435": 3,
        "436": 3,
        "437": 9,
        "438": 3,
        "439": 3,
        "44": 3,
        "440": 8,
        "441": 7,
        "442": 8,
        "443": 3,
        "444": 3,
        "445": 3,
        "446": 3,
        "447": 3,
        "448": 9,
        "449": 9,
        "45": 1,
        "450": 0,
        "451": 7,
        "452": 0,
        "453": 0,
        "454": 0,
        "455": 0,
        "456": 0,
        "457": 0,
        "458": 0,
        "459": 0,
        "46": 1,
        "460": 0,
        "461": 0,
        "462": 0,
        "463": 0,
        "464": 0,
        "465": 0,
        "466": 0,
        "467": 0,
        "468": 0,
        "469": 0,
        "47": 1,
        "470": 0,
        "471": 0,
        "472": 0,
        "473": 0,
        "474": 0,
        "475": 3,
        "476": 3,
        "477": 0,
        "478": 0,
        "479": 0,
        "48": 3,
        "480": 1,
        "481": 0,
        "482": 0,
        "483": 0,
        "484": 0,
        "485": 0,
        "486": 0,
        "487": 0,
        "488": 0,
        "489": 0,
        "49": 3,
        "490": 0,
        "491": 0,
        "492": 0,
        "493": 0,
        "494": 0,
        "495": 0,
        "496": 0,
        "497": 0,
        "498": 0,
        "499": 0,
        "5": 1,
        "50": 1,
        "51": 1,
        "52": 1,
        "53": 1,
        "54": 3,
        "55": 1,
        "56": 1,
        "57": 7,
        "58": 1,
        "59": 1,
        "6": 3,
        "60": 1,
        "61": 1,
        "62": 3,
        "63": 1,
        "64": 1,
        "65": 8,
        "66": 7,
        "67": 8,
        "68": 3,
        "69": 1,
        "7": 1,
        "70": 7,
        "71": 1,
        "72": 3,
        "73": 8,
        "74": 3,
        "75": 8,
        "76": 1,
        "77": 1,
        "78": 1,
        "79": 1,
        "8": 1,
        "80": 1,
        "81": 3,
        "82": 3,
        "83": 1,
        "84": 1,
        "85": 8,
        "86": 7,
        "87": 7,
        "88": 1,
        "89": 3,
        "9": 1,
        "90": 1,
        "91": 1,
        "92": 3,
        "93": 1,
        "94": 1,
        "95": 1,
        "96": 1,
        "97": 3,
        "98": 1,
        "99": 1
    }
}