{
    "(0,1)": {
        "data": {
            "id_1": "0",
            "id_2": "1"
        },
        "constraint_type": "MUST_LINK",
        "constraint_type_previous": [
            null
        ],
        "is_hidden": false,
        "to_annotate": false,
        "to_review": false,
        "to_fix_conflict": false,
        "comment": "",
        "date_of_update": 1711211246.623646,
        "iteration_of_sampling": 1
    },
    "(0,2)": {
        "data": {
            "id_1": "0",
            "id_2": "2"
        },
        "constraint_type": "MUST_LINK",
        "constraint_type_previous": [
            null
        ],
        "is_hidden": false,
        "to_annotate": false,
        "to_review": false,
        "to_fix_conflict": false,
        "comment": "",
        "date_of_update": 1711211248.6880214,
        "iteration_of_sampling": 1
    },
    "(0,3)": {
        "data": {
            "id_1": "0",
            "id_2": "3"
        },
        "constraint_type": "MUST_LINK",
        "constraint_type_previous": [
            null
        ],
        "is_hidden": false,
        "to_annotate": false,
        "to_review": false,
        "to_fix_conflict": false,
        "comment": "",
        "date_of_update": 17112112153.96926,
        "iteration_of_sampling": 1
    },
    "(1,2)": {
        "data": {
            "id_1": "1",
            "id_2": "2"
        },
        "constraint_type": "MUST_LINK",
        "constraint_type_previous": [
            null
        ],
        "is_hidden": false,
        "to_annotate": false,
        "to_review": false,
        "to_fix_conflict": false,
        "comment": "",
        "date_of_update": 17112112203.96926,
        "iteration_of_sampling": 1
    },
    "(150,151)": {
        "data": {
            "id_1": "150",
            "id_2": "151"
        },
        "constraint_type": "MUST_LINK",
        "constraint_type_previous": [
            null
        ],
        "is_hidden": false,
        "to_annotate": false,
        "to_review": false,
        "to_fix_conflict": false,
        "comment": "",
        "date_of_update": 1711211263.383221,
        "iteration_of_sampling": 1
    },
    "(150,152)": {
        "data": {
            "id_1": "150",
            "id_2": "152"
        },
        "constraint_type": "MUST_LINK",
        "constraint_type_previous": [
            null
        ],
        "is_hidden": false,
        "to_annotate": false,
        "to_review": false,
        "to_fix_conflict": false,
        "comment": "",
        "date_of_update": 1711211264.701346,
        "iteration_of_sampling": 1
    },
    "(150,153)": {
        "data": {
            "id_1": "150",
            "id_2": "153"
        },
        "constraint_type": "MUST_LINK",
        "constraint_type_previous": [
            null
        ],
        "is_hidden": false,
        "to_annotate": false,
        "to_review": false,
        "to_fix_conflict": false,
        "comment": "",
        "date_of_update": 17112112615.901024,
        "iteration_of_sampling": 1
    },
    "(152,153)": {
        "data": {
            "id_1": "152",
            "id_2": "153"
        },
        "constraint_type": "MUST_LINK",
        "constraint_type_previous": [
            null
        ],
        "is_hidden": false,
        "to_annotate": false,
        "to_review": false,
        "to_fix_conflict": false,
        "comment": "",
        "date_of_update": 1711211267.90963,
        "iteration_of_sampling": 1
    },
    "(0,150)": {
        "data": {
            "id_1": "0",
            "id_2": "150"
        },
        "constraint_type": "MUST_LINK",
        "constraint_type_previous": [
            null,
            "CANNOT_LINK"
        ],
        "is_hidden": false,
        "to_annotate": false,
        "to_review": true,
        "to_fix_conflict": true,
        "comment": "",
        "date_of_update": 1711211276.232726,
        "iteration_of_sampling": 1
    },
    "(1,151)": {
        "data": {
            "id_1": "1",
            "id_2": "151"
        },
        "constraint_type": "CANNOT_LINK",
        "constraint_type_previous": [
            null,
            "CANNOT_LINK",
            "MUST_LINK"
        ],
        "is_hidden": false,
        "to_annotate": false,
        "to_review": false,
        "to_fix_conflict": false,
        "comment": "",
        "date_of_update": 1711211583.178816,
        "iteration_of_sampling": 1
    },
    "(2,152)": {
        "data": {
            "id_1": "2",
            "id_2": "152"
        },
        "constraint_type": "CANNOT_LINK",
        "constraint_type_previous": [
            null,
            "CANNOT_LINK",
            "MUST_LINK"
        ],
        "is_hidden": false,
        "to_annotate": false,
        "to_review": false,
        "to_fix_conflict": false,
        "comment": "",
        "date_of_update": 1711211580.290655,
        "iteration_of_sampling": 1
    }
}